/*
SQLyog Ultimate v11.11 (64 bit)
MySQL - 5.5.5-10.4.19-MariaDB : Database - db_ppdb_skripsi
*********************************************************************
*/

/*!40101 SET NAMES utf8 */;

/*!40101 SET SQL_MODE=''*/;

/*!40014 SET @OLD_UNIQUE_CHECKS=@@UNIQUE_CHECKS, UNIQUE_CHECKS=0 */;
/*!40014 SET @OLD_FOREIGN_KEY_CHECKS=@@FOREIGN_KEY_CHECKS, FOREIGN_KEY_CHECKS=0 */;
/*!40101 SET @OLD_SQL_MODE=@@SQL_MODE, SQL_MODE='NO_AUTO_VALUE_ON_ZERO' */;
/*!40111 SET @OLD_SQL_NOTES=@@SQL_NOTES, SQL_NOTES=0 */;
CREATE DATABASE /*!32312 IF NOT EXISTS*/`db_ppdb_skripsi` /*!40100 DEFAULT CHARACTER SET utf8mb4 */;

USE `db_ppdb_skripsi`;

/*Table structure for table `afirmasis` */

DROP TABLE IF EXISTS `afirmasis`;

CREATE TABLE `afirmasis` (
  `id` bigint(20) unsigned NOT NULL AUTO_INCREMENT,
  `sekolah_id` bigint(20) unsigned NOT NULL,
  `siswa_id` bigint(20) unsigned NOT NULL,
  `kk` varchar(255) COLLATE utf8mb4_unicode_ci NOT NULL,
  `skl` varchar(255) COLLATE utf8mb4_unicode_ci NOT NULL,
  `kip` varchar(255) COLLATE utf8mb4_unicode_ci DEFAULT NULL,
  `sktm` varchar(255) COLLATE utf8mb4_unicode_ci DEFAULT NULL,
  `status` int(11) DEFAULT NULL,
  `created_at` timestamp NULL DEFAULT NULL,
  `updated_at` timestamp NULL DEFAULT NULL,
  PRIMARY KEY (`id`)
) ENGINE=InnoDB DEFAULT CHARSET=utf8mb4 COLLATE=utf8mb4_unicode_ci;

/*Data for the table `afirmasis` */

/*Table structure for table `failed_jobs` */

DROP TABLE IF EXISTS `failed_jobs`;

CREATE TABLE `failed_jobs` (
  `id` bigint(20) unsigned NOT NULL AUTO_INCREMENT,
  `uuid` varchar(255) COLLATE utf8mb4_unicode_ci NOT NULL,
  `connection` text COLLATE utf8mb4_unicode_ci NOT NULL,
  `queue` text COLLATE utf8mb4_unicode_ci NOT NULL,
  `payload` longtext COLLATE utf8mb4_unicode_ci NOT NULL,
  `exception` longtext COLLATE utf8mb4_unicode_ci NOT NULL,
  `failed_at` timestamp NOT NULL DEFAULT current_timestamp(),
  PRIMARY KEY (`id`),
  UNIQUE KEY `failed_jobs_uuid_unique` (`uuid`)
) ENGINE=InnoDB DEFAULT CHARSET=utf8mb4 COLLATE=utf8mb4_unicode_ci;

/*Data for the table `failed_jobs` */

/*Table structure for table `kampungs` */

DROP TABLE IF EXISTS `kampungs`;

CREATE TABLE `kampungs` (
  `id` bigint(20) unsigned NOT NULL AUTO_INCREMENT,
  `nama_kampung` varchar(255) COLLATE utf8mb4_unicode_ci NOT NULL,
  `nagari_id` bigint(20) unsigned NOT NULL,
  `kecamatan_id` bigint(20) unsigned NOT NULL,
  `created_at` timestamp NULL DEFAULT NULL,
  `updated_at` timestamp NULL DEFAULT NULL,
  PRIMARY KEY (`id`),
  KEY `kampungs_nagari_id_foreign` (`nagari_id`),
  KEY `kampungs_kecamatan_id_foreign` (`kecamatan_id`),
  CONSTRAINT `kampungs_kecamatan_id_foreign` FOREIGN KEY (`kecamatan_id`) REFERENCES `kecamatans` (`id`) ON DELETE CASCADE,
  CONSTRAINT `kampungs_nagari_id_foreign` FOREIGN KEY (`nagari_id`) REFERENCES `nagaris` (`id`) ON DELETE CASCADE
) ENGINE=InnoDB AUTO_INCREMENT=484 DEFAULT CHARSET=utf8mb4 COLLATE=utf8mb4_unicode_ci;

/*Data for the table `kampungs` */

insert  into `kampungs`(`id`,`nama_kampung`,`nagari_id`,`kecamatan_id`,`created_at`,`updated_at`) values (1,'HILALANG',1,1,'2023-07-01 13:44:25','2023-07-01 13:44:25'),(2,'BEROK',1,1,'2023-07-01 13:44:39','2023-07-01 13:44:39'),(3,'PANAMBAM',1,1,'2023-07-01 13:44:54','2023-07-01 13:44:54'),(4,'SUNGAI KUYUNG',2,1,'2023-07-01 13:48:43','2023-07-01 13:48:43'),(5,'SUNGAI GEMURUH',2,1,'2023-07-01 13:49:02','2023-07-01 13:49:02'),(6,'PASAR GEDANG',3,1,'2023-07-01 13:51:11','2023-07-01 13:51:11'),(7,'TANJUNG BATANG KAPAS',3,1,'2023-07-01 13:51:30','2023-07-01 13:51:30'),(8,'CLUANG',4,1,'2023-07-01 13:56:09','2023-07-01 13:56:09'),(9,'PASA MALINTANG',4,1,'2023-07-01 13:56:51','2023-07-01 13:56:51'),(10,'EMBACANG LIMUS',5,1,'2023-07-01 13:58:51','2023-07-01 13:58:51'),(11,'GETI HILIR',5,1,'2023-07-01 13:59:09','2023-07-01 13:59:09'),(12,'GETI MUDIK',5,1,'2023-07-01 13:59:22','2023-07-01 13:59:22'),(13,'KUDO-KUDO',8,1,'2023-07-01 14:05:02','2023-07-01 14:05:02'),(14,'KEPALA BANDAR',8,1,'2023-07-01 14:05:19','2023-07-01 14:05:19'),(15,'LUBUK GEDANG LAMO',7,1,'2023-07-01 14:08:01','2023-07-01 14:08:01'),(16,'TANJUNG MEDAN',7,1,'2023-07-01 14:08:12','2023-07-01 14:08:12'),(17,'MUARO SAKAI',7,1,'2023-07-01 14:08:21','2023-07-01 14:08:21'),(18,'MUARO GEDANG',7,1,'2023-07-01 14:08:39','2023-07-01 14:08:39'),(19,'PENDAKIAN',10,1,'2023-07-01 14:14:28','2023-07-01 14:14:28'),(20,'RAWANG GEMULAU',10,1,'2023-07-01 14:14:47','2023-07-01 14:14:47'),(21,'SUNGAI AKSA',6,1,'2023-07-01 14:26:19','2023-07-01 14:26:19'),(22,'RIMBO PANJANG',6,1,'2023-07-01 14:26:30','2023-07-01 14:26:30'),(23,'AIR TERJUN',9,1,'2023-07-01 14:28:47','2023-07-01 14:28:47'),(24,'PULAU MAKAN',9,1,'2023-07-01 14:29:17','2023-07-01 14:29:17'),(25,'KOTO VIII MUDIEK',16,2,'2023-07-01 17:39:07','2023-07-01 17:39:07'),(26,'KOTO VIII HILIE',16,2,'2023-07-01 17:39:28','2023-07-01 17:39:28'),(27,'AIR TAMBANG',18,2,'2023-07-01 17:40:13','2023-07-01 17:40:13'),(28,'SUMEDANG',18,2,'2023-07-01 17:40:27','2023-07-01 17:40:27'),(29,'LABUHAN',13,2,'2023-07-01 17:40:55','2023-07-01 17:40:55'),(30,'PADANG LABAN',13,2,'2023-07-01 17:41:12','2023-07-01 17:41:12'),(31,'KOTO NAN IV',12,2,'2023-07-01 17:41:45','2023-07-01 17:41:45'),(32,'AIR BATU',12,2,'2023-07-01 17:42:07','2023-07-01 17:42:07'),(33,'PELANGAI GADANG',15,2,'2023-07-01 17:42:50','2023-07-01 17:42:50'),(34,'LIMAU SUNDAI TARATAK PANEH',15,2,'2023-07-01 17:43:02','2023-07-01 17:43:02'),(35,'PELANGAI KACIAK HILIE',14,2,'2023-07-01 17:43:37','2023-07-01 17:43:37'),(36,'PELANGAI KACIAK MUDIEK',14,2,'2023-07-01 17:43:49','2023-07-01 17:43:49'),(37,'KELOK KOTO LANGANG',17,2,'2023-07-01 17:45:07','2023-07-01 17:45:07'),(38,'SUNGAI LIKU TANGAH',17,2,'2023-07-01 17:45:29','2023-07-01 17:45:29'),(39,'SUNGAI LIKU ATAS',17,2,'2023-07-01 17:45:39','2023-07-01 17:45:39'),(40,'PASAR SUNGAI TUNU',20,2,'2023-07-01 17:46:17','2023-07-01 17:46:17'),(41,'KOTO KABUN',20,2,'2023-07-01 17:46:27','2023-07-01 17:46:27'),(42,'AMPALU',20,2,'2023-07-01 17:46:46','2023-07-01 17:46:46'),(43,'LABUH GAJAH',20,2,'2023-07-01 17:46:56','2023-07-01 17:46:56'),(44,'KOTO MERAPAK',19,2,'2023-07-01 17:47:53','2023-07-01 17:47:53'),(45,'MUARO PANDAN',19,2,'2023-07-01 17:48:03','2023-07-01 17:48:03'),(46,'KOTO BARU',19,2,'2023-07-01 17:48:12','2023-07-01 17:48:12'),(47,'KOTO BARU RAWANG',19,2,'2023-07-01 17:48:21','2023-07-01 17:48:21'),(48,'PADANG SIRIH',19,2,'2023-07-01 17:48:32','2023-07-01 17:48:32'),(49,'KOTO PANJANG',11,2,'2023-07-01 17:49:23','2023-07-01 17:49:23'),(50,'KOTO GADANG',11,2,'2023-07-01 17:49:33','2023-07-01 17:49:33'),(51,'TANJUNG DURIAN',20,2,'2023-07-01 17:49:50','2023-07-01 17:49:50'),(52,'KOTO BARU',23,3,'2023-07-01 17:50:48','2023-07-01 17:50:48'),(53,'SUMBARU',23,3,'2023-07-01 17:50:59','2023-07-01 17:50:59'),(54,'MEDAN BAIK',23,3,'2023-07-01 17:51:07','2023-07-01 17:51:07'),(55,'KAYU KALEK',23,3,'2023-07-01 17:51:21','2023-07-01 17:51:21'),(56,'LIMAU MANIS KULAM',23,3,'2023-07-01 17:51:31','2023-07-01 17:51:31'),(57,'NYIUR GADING',23,3,'2023-07-01 17:51:40','2023-07-01 17:51:40'),(58,'TALANG TAN SAIDI',23,3,'2023-07-01 17:51:51','2023-07-01 17:51:51'),(59,'PADANG LIMAU MANIS',23,3,'2023-07-01 17:52:03','2023-07-01 17:52:03'),(60,'PASAR KAMBANG',26,3,'2023-07-01 17:53:02','2023-07-01 17:53:02'),(61,'PASAR GOMPONG',26,3,'2023-07-01 17:53:12','2023-07-01 17:54:02'),(62,'RANGEH',26,3,'2023-07-01 17:53:24','2023-07-01 17:53:24'),(63,'TALANG',26,3,'2023-07-01 17:54:25','2023-07-01 17:54:25'),(64,'TEBING TINGGI',26,3,'2023-07-01 17:54:37','2023-07-01 17:54:37'),(65,'KOTO KANDIS',27,3,'2023-07-01 17:55:22','2023-07-01 17:55:22'),(66,'KOTO PULAI',27,3,'2023-07-01 17:55:33','2023-07-01 17:55:33'),(67,'PAUH',27,3,'2023-07-01 17:55:42','2023-07-01 17:55:42'),(68,'TAMPUNIK',27,3,'2023-07-01 17:55:53','2023-07-01 17:55:53'),(69,'KAPAU',27,3,'2023-07-01 17:56:02','2023-07-01 17:56:02'),(70,'GANTING',27,3,'2023-07-01 17:56:11','2023-07-01 17:56:11'),(71,'LUBUK SARIK',21,3,'2023-07-01 17:57:10','2023-07-01 17:57:10'),(72,'KAMPUNG AKAD',21,3,'2023-07-01 17:57:22','2023-07-01 17:57:22'),(73,'KAMPUNG BARU',21,3,'2023-07-01 17:57:30','2023-07-01 17:57:30'),(74,'PASIA LAWEH',21,3,'2023-07-01 17:57:39','2023-07-01 17:57:39'),(75,'GANTING KUBANG',21,3,'2023-07-01 17:58:42','2023-07-01 17:58:42'),(76,'PADANG PANJANG I',21,3,'2023-07-01 17:58:51','2023-07-01 17:58:51'),(77,'PADANG PANJANG II',21,3,'2023-07-01 17:58:58','2023-07-01 17:58:58'),(78,'KAMBANG HARAPAN',21,3,'2023-07-01 17:59:09','2023-07-01 17:59:09'),(79,'PASA LAKITAN',22,3,'2023-07-02 07:29:29','2023-07-02 07:29:29'),(80,'GURUN PANJANG',22,3,'2023-07-02 07:29:47','2023-07-02 07:29:47'),(81,'DARATAN MARANTIH',22,3,'2023-07-02 07:30:17','2023-07-02 07:30:17'),(82,'TAROK',22,3,'2023-07-02 07:30:28','2023-07-02 07:30:28'),(83,'SEBERANG TAROK',29,3,'2023-07-02 07:31:11','2023-07-02 07:31:11'),(84,'LUBUK BEGALUNG',29,3,'2023-07-02 07:31:26','2023-07-02 07:31:26'),(85,'KOTO RAYA',29,3,'2023-07-02 07:31:35','2023-07-02 07:31:35'),(86,'KARANG TANGAH',29,3,'2023-07-02 07:31:45','2023-07-02 07:31:45'),(87,'PULAI',28,3,'2023-07-02 07:32:26','2023-07-02 07:32:26'),(88,'KOTO LAMO',28,3,'2023-07-02 07:32:49','2023-07-02 07:32:49'),(89,'AIR KALAM',28,3,'2023-07-02 07:32:59','2023-07-02 07:32:59'),(90,'TANJUNG DURIAN',28,3,'2023-07-02 07:33:12','2023-07-02 07:33:12'),(91,'KOTO RAWANG',25,3,'2023-07-02 07:37:59','2023-07-02 07:37:59'),(92,'SIKABU',25,3,'2023-07-02 07:38:09','2023-07-02 07:38:09'),(93,'PASAR BARU',24,3,'2023-07-02 07:38:33','2023-07-02 07:38:33'),(94,'PADANG MANDIANGIN',24,3,'2023-07-02 07:44:45','2023-07-02 07:44:45'),(95,'PADANG MARAPALAM',24,3,'2023-07-02 07:44:55','2023-07-02 07:44:55'),(96,'PADANG CUPAK',24,3,'2023-07-02 07:45:05','2023-07-02 07:45:05'),(97,'TELUK BETUNG',35,4,'2023-07-02 07:46:04','2023-07-02 07:46:04'),(98,'PASAR KUOK',35,4,'2023-07-02 07:46:16','2023-07-02 07:46:16'),(99,'JALAMU',35,4,'2023-07-02 07:46:33','2023-07-02 07:46:33'),(100,'KOTO TUO',35,4,'2023-07-02 07:46:43','2023-07-02 07:46:43'),(101,'LIMAU SUNDAI',35,4,'2023-07-02 07:46:56','2023-07-02 07:46:56'),(102,'BUKIT TAMBUN TULANG',35,4,'2023-07-02 07:47:11','2023-07-02 07:47:11'),(103,'BALAI LAMO',34,4,'2023-07-02 07:47:52','2023-07-02 07:47:52'),(104,'KEPALA BANDAR',34,4,'2023-07-02 07:48:05','2023-07-02 07:48:05'),(105,'LUBUK NYIUR',34,4,'2023-07-02 07:48:20','2023-07-02 07:48:20'),(106,'SAPAN',32,4,'2023-07-02 07:49:02','2023-07-02 07:49:02'),(107,'ANAKAN',32,4,'2023-07-02 07:49:14','2023-07-02 08:12:30'),(108,'TELUK KASAI',32,4,'2023-07-02 07:53:00','2023-07-02 07:53:00'),(109,'SUNGAI BUNGIN',32,4,'2023-07-02 07:53:15','2023-07-02 07:53:15'),(110,'KALUMPANG',37,4,'2023-07-02 08:14:23','2023-07-02 08:14:23'),(111,'LIMAU MANIH',37,4,'2023-07-02 08:14:35','2023-07-02 08:14:35'),(112,'SUNGAI PAMPAN',37,4,'2023-07-02 08:14:49','2023-07-02 08:14:49'),(113,'GURUN LAWEH',30,4,'2023-07-02 08:16:12','2023-07-02 08:16:12'),(114,'SUNGAI NYALO',30,4,'2023-07-02 08:16:21','2023-07-02 08:16:21'),(115,'TAMAN JAYA BUNGO TANJUNG',30,4,'2023-07-02 08:16:30','2023-07-02 08:16:30'),(116,'LIMPASO',33,4,'2023-07-02 08:17:22','2023-07-02 08:17:22'),(117,'PASAR TALUAK',33,4,'2023-07-02 08:17:35','2023-07-02 08:17:35'),(118,'UJUNG BATU',33,4,'2023-07-02 08:18:04','2023-07-02 08:18:04'),(119,'KOTO KEDUDUK',36,4,'2023-07-02 08:19:25','2023-07-02 08:19:36'),(120,'KOTO PANJANG',36,4,'2023-07-02 08:19:57','2023-07-02 08:19:57'),(121,'TANJUNG KANDIS',36,4,'2023-07-02 08:20:43','2023-07-02 08:20:43'),(122,'TARATAK TEMPATIH',38,4,'2023-07-02 08:21:25','2023-07-02 08:21:25'),(123,'PADANG GALUNDI',38,4,'2023-07-02 08:21:37','2023-07-02 08:21:37'),(124,'KOTO GUNUNG',31,4,'2023-07-02 08:22:05','2023-07-02 08:22:05'),(125,'TUIK',31,4,'2023-07-02 08:22:14','2023-07-02 08:22:14'),(126,'KAMPUNG BARU',31,4,'2023-07-02 08:22:23','2023-07-02 08:22:23'),(127,'AMPANG TAREH',135,5,'2023-07-02 08:23:26','2023-07-02 08:23:26'),(128,'TANAH BATO',135,5,'2023-07-02 08:23:40','2023-07-02 08:23:40'),(129,'BARANGAN',135,5,'2023-07-02 08:23:51','2023-07-02 08:23:51'),(130,'AMPUAN',136,5,'2023-07-02 08:25:16','2023-07-02 08:25:16'),(131,'PASA',136,5,'2023-07-02 08:25:26','2023-07-02 08:25:26'),(132,'RIMBO LAWEH',136,5,'2023-07-02 08:25:36','2023-07-02 08:25:36'),(133,'BALAI SINAYAN',134,5,'2023-07-02 08:26:08','2023-07-02 08:26:08'),(134,'BATU KUNIK',138,5,'2023-07-02 08:27:01','2023-07-02 08:27:01'),(135,'BUKIK GADANG',138,5,'2023-07-02 08:27:10','2023-07-02 08:27:10'),(136,'BUKIK KACIAK',131,5,'2023-07-02 08:27:30','2023-07-02 08:27:30'),(137,'KOTO RANGGO',131,5,'2023-07-02 08:27:41','2023-07-02 08:27:41'),(138,'AMBACANG BADAK',131,5,'2023-07-02 08:28:02','2023-07-02 08:28:02'),(139,'BUNGA PASANG I',143,5,'2023-07-02 08:28:36','2023-07-02 08:28:36'),(140,'BUNGA PASANG II',143,5,'2023-07-02 08:28:49','2023-07-02 08:28:49'),(141,'BUNGA PASANG III',143,5,'2023-07-02 08:29:02','2023-07-02 08:29:02'),(142,'GUNUNG BUNGKUAK',130,5,'2023-07-02 08:29:32','2023-07-02 08:29:32'),(143,'PUNCAK SABUANG',130,5,'2023-07-02 08:29:46','2023-07-02 08:29:46'),(144,'KOTO RAWANG',140,5,'2023-07-02 08:30:10','2023-07-02 08:30:10'),(145,'SUNGAI SALAK',140,5,'2023-07-02 08:30:21','2023-07-02 08:30:21'),(146,'LIMAU GADANG',139,5,'2023-07-02 08:30:55','2023-07-02 08:30:55'),(147,'ALAI',139,5,'2023-07-02 08:31:04','2023-07-02 08:31:04'),(148,'SAWAH LIEK',139,5,'2023-07-02 08:31:18','2023-07-02 08:31:18'),(149,'BUKIT SIAYAH',144,5,'2023-07-02 08:31:50','2023-07-02 08:31:50'),(150,'PARAK GADANG',144,5,'2023-07-02 08:32:01','2023-07-02 08:32:01'),(151,'PAINAN UTARA',39,5,'2023-07-02 08:32:35','2023-07-02 08:32:35'),(152,'BUKIT PUTUS',39,5,'2023-07-02 08:32:44','2023-07-02 08:32:44'),(153,'RAWANG',39,5,'2023-07-02 08:32:54','2023-07-02 08:32:54'),(154,'PAINAN SELATAN',129,5,'2023-07-02 08:33:19','2023-07-02 08:33:19'),(155,'CAROCOK PAINAN',129,5,'2023-07-02 08:33:33','2023-07-02 08:33:33'),(156,'SUNGAI NIPAH',129,5,'2023-07-02 08:33:53','2023-07-02 08:33:53'),(157,'PAINAN TIMUR',128,5,'2023-07-02 08:34:28','2023-07-02 08:34:28'),(158,'KAMPUNG TANGAH',128,5,'2023-07-02 08:34:41','2023-07-02 08:34:41'),(159,'KARANG SAGO',142,5,'2023-07-02 08:35:09','2023-07-02 08:35:09'),(160,'BARU SAGO',142,5,'2023-07-02 08:35:18','2023-07-02 08:35:18'),(161,'SIANIK SAGO',142,5,'2023-07-02 08:35:30','2023-07-02 08:35:30'),(162,'LABAN SALIDO',42,5,'2023-07-02 08:35:51','2023-07-02 08:35:51'),(163,'BALAI LAMO SALIDO',42,5,'2023-07-02 08:36:00','2023-07-02 08:36:00'),(164,'KAMPUNG LUAR SALIDO',42,5,'2023-07-02 08:36:12','2023-07-02 08:36:12'),(165,'KOTO SALIDO',42,5,'2023-07-02 08:36:20','2023-07-02 08:36:20'),(166,'PASAR SALIDO',42,5,'2023-07-02 08:36:32','2023-07-02 08:36:32'),(167,'SALIDO KECIL',141,5,'2023-07-02 08:37:03','2023-07-02 08:37:03'),(168,'KOTO LAMO',141,5,'2023-07-02 08:37:14','2023-07-02 08:37:14'),(169,'JUA BANYAK',133,5,'2023-07-02 08:37:46','2023-07-02 08:37:46'),(170,'SUNGAI GAYO',133,5,'2023-07-02 08:38:00','2023-07-02 08:38:00'),(171,'KOTO',133,5,'2023-07-02 08:38:09','2023-07-02 08:38:09'),(172,'RUMAH GADANG',133,5,'2023-07-02 08:38:19','2023-07-02 08:38:19'),(173,'SUNGAI SARIAK',132,5,'2023-07-02 08:38:50','2023-07-02 08:38:50'),(174,'KASAI',132,5,'2023-07-02 08:39:00','2023-07-02 08:39:00'),(175,'TAMBANG',40,5,'2023-07-02 08:39:21','2023-07-02 08:39:21'),(176,'MESIN GERGAJI',40,5,'2023-07-02 08:39:29','2023-07-02 08:39:29'),(177,'TARATAK TANGAH',137,5,'2023-07-02 08:39:53','2023-07-02 08:39:53'),(178,'BUKIK PARIK',137,5,'2023-07-02 08:40:05','2023-07-02 08:40:05'),(179,'MUARA API-API',123,6,'2023-07-02 08:41:30','2023-07-02 08:41:30'),(180,'PASAR API-API',123,6,'2023-07-02 08:41:39','2023-07-02 08:41:39'),(181,'KENANGA API-API',123,6,'2023-07-02 08:41:54','2023-07-02 08:41:54'),(182,'AMBACANG KAMBA',121,6,'2023-07-02 08:44:03','2023-07-02 08:44:03'),(183,'LIMAU ASAM',121,6,'2023-07-02 08:44:19','2023-07-02 08:44:19'),(184,'LUBUK AUR',118,6,'2023-07-02 08:44:59','2023-07-02 08:44:59'),(185,'LUBUK BEGALUNG',118,6,'2023-07-02 08:45:08','2023-07-02 08:45:08'),(186,'GURUN PANJANG',124,6,'2023-07-02 08:45:32','2023-07-02 08:45:32'),(187,'LERENG BUKIT',124,6,'2023-07-02 08:45:42','2023-07-02 08:45:42'),(188,'TANAH KAREH',112,6,'2023-07-02 08:46:13','2023-07-02 08:46:13'),(189,'TANAH KAREH GADANG',112,6,'2023-07-02 08:46:22','2023-07-02 08:46:22'),(190,'TANJUNG SABA',111,6,'2023-07-02 08:47:17','2023-07-02 08:47:17'),(191,'SUNGAI PUTIH',111,6,'2023-07-02 08:47:28','2023-07-02 08:47:28'),(192,'KARANG PAUH',111,6,'2023-07-02 08:47:36','2023-07-02 08:47:36'),(193,'TALUK NIBUNG',111,6,'2023-07-02 08:47:53','2023-07-02 08:47:53'),(194,'TELUK BAKUNG',113,6,'2023-07-02 08:48:17','2023-07-02 08:48:17'),(195,'KAMPUNG TANGAH',113,6,'2023-07-02 08:48:27','2023-07-02 08:48:27'),(196,'KAMPUNG TANGAH SIMPANG',113,6,'2023-07-02 08:48:44','2023-07-02 08:48:44'),(197,'GUNCER JAYA',113,6,'2023-07-02 08:48:54','2023-07-02 08:48:54'),(198,'GANTING',119,6,'2023-07-02 08:49:37','2023-07-02 08:49:37'),(199,'JAMBAK',119,6,'2023-07-02 08:49:49','2023-07-02 08:49:49'),(200,'APA JAYA',119,6,'2023-07-02 08:50:00','2023-07-02 08:50:00'),(201,'KAPENCONG',117,6,'2023-07-02 08:50:28','2023-07-02 08:50:28'),(202,'LUBUK GAMBIA',117,6,'2023-07-02 08:50:38','2023-07-02 08:50:38'),(203,'KAPUJAN',114,6,'2023-07-02 08:51:10','2023-07-02 08:51:10'),(204,'PARIT RANTANG',114,6,'2023-07-02 08:51:20','2023-07-02 08:51:20'),(205,'KOTO BARU',116,6,'2023-07-02 08:51:57','2023-07-02 08:51:57'),(206,'KAPALO KOTO',116,6,'2023-07-02 08:52:09','2023-07-02 08:52:09'),(207,'KOTO BERAPAK',127,6,'2023-07-02 08:52:38','2023-07-02 08:52:38'),(208,'BUAH TAROK',127,6,'2023-07-02 08:52:49','2023-07-02 08:52:49'),(209,'RUMAH PANJANG',127,6,'2023-07-02 08:53:01','2023-07-02 08:53:01'),(210,'KUBANG',115,6,'2023-07-02 08:54:17','2023-07-02 08:54:17'),(211,'LEMBAH GUMANTI',115,6,'2023-07-02 08:54:26','2023-07-02 08:54:26'),(212,'PASAR BARU',125,6,'2023-07-02 08:54:50','2023-07-02 08:54:50'),(213,'LUBUK KUMPAI',125,6,'2023-07-02 08:55:04','2023-07-02 08:55:04'),(214,'LUHUNG',125,6,'2023-07-02 08:55:20','2023-07-02 08:55:20'),(215,'GURUN LAWAS',120,6,'2023-07-02 08:55:42','2023-07-02 08:55:42'),(216,'LUBUK ANAU',120,6,'2023-07-02 08:55:53','2023-07-02 08:55:53'),(217,'KOTO JUA',120,6,'2023-07-02 08:56:03','2023-07-02 08:56:03'),(218,'AMBACANG',120,6,'2023-07-02 08:56:14','2023-07-02 08:56:14'),(219,'TALAOK',126,6,'2023-07-02 08:57:52','2023-07-02 08:57:52'),(220,'LUBUK PASING',126,6,'2023-07-02 08:58:01','2023-07-02 08:58:01'),(221,'LABUH TANJUNG DURIAN',122,6,'2023-07-02 08:58:44','2023-07-02 08:58:44'),(222,'MARAPALAM',122,6,'2023-07-02 08:58:56','2023-07-02 08:58:56'),(223,'LUBUK BAY SIMPANG EMPAT',122,6,'2023-07-02 08:59:10','2023-07-02 08:59:10'),(224,'SIMPANG',105,7,'2023-07-02 09:01:03','2023-07-02 09:01:03'),(225,'KAMBEH BATU KALANG',105,7,'2023-07-02 09:01:14','2023-07-02 09:01:14'),(226,'PASAR',103,7,'2023-07-02 09:01:52','2023-07-02 09:01:52'),(227,'PASAR UTARA',103,7,'2023-07-02 09:02:06','2023-07-02 09:02:06'),(228,'KOTO PULAI',102,7,'2023-07-02 09:02:31','2023-07-02 09:02:31'),(229,'SUNGAI SANGKIR',102,7,'2023-07-02 09:02:41','2023-07-02 09:02:41'),(230,'RANAH TALAWI',89,7,'2023-07-02 09:03:08','2023-07-02 09:03:08'),(231,'SUNGAI TANUAK',89,7,'2023-07-02 09:03:25','2023-07-02 09:03:25'),(232,'KOTO PANJANG',90,7,'2023-07-02 09:03:47','2023-07-02 09:03:47'),(233,'JARUAI DURIAN KADOK',90,7,'2023-07-02 09:04:01','2023-07-02 09:04:01'),(234,'BATU HAMPA',107,7,'2023-07-02 09:04:26','2023-07-02 09:04:26'),(235,'PARAK BATU PATAH',107,7,'2023-07-02 09:04:37','2023-07-02 09:04:37'),(236,'SAKO',91,7,'2023-07-02 09:05:51','2023-07-02 09:05:51'),(237,'SAWAH',91,7,'2023-07-02 09:06:07','2023-07-02 09:06:07'),(238,'CEROCOK ANAU',93,7,'2023-07-02 09:06:23','2023-07-02 09:06:23'),(239,'ANAU PUBAWAK',93,7,'2023-07-02 09:06:32','2023-07-02 09:06:32'),(240,'DUKU',108,7,'2023-07-02 09:06:59','2023-07-02 09:06:59'),(241,'SIMAUNG',108,7,'2023-07-02 09:07:10','2023-07-02 09:07:10'),(242,'DALAM',96,7,'2023-07-02 09:07:32','2023-07-02 09:07:32'),(243,'KAMPUNG TANJUNG',96,7,'2023-07-02 09:07:48','2023-07-02 09:07:48'),(244,'JINANG SURAU ANJUANG',94,7,'2023-07-02 09:08:25','2023-07-02 09:08:25'),(245,'PANSUR',94,7,'2023-07-02 09:08:45','2023-07-02 09:08:45'),(246,'KAMPUNG BARU',97,7,'2023-07-02 09:09:17','2023-07-02 09:09:17'),(247,'KORONG NAN AMPEK',97,7,'2023-07-02 09:09:27','2023-07-02 09:09:27'),(248,'SUNGAI TALANG',100,7,'2023-07-02 09:09:58','2023-07-02 09:09:58'),(249,'SAWAH LIAT',100,7,'2023-07-02 09:10:08','2023-07-02 09:10:08'),(250,'KAPUAH',104,7,'2023-07-02 09:10:32','2023-07-02 09:10:32'),(251,'GURUN PANJANG',104,7,'2023-07-02 09:10:48','2023-07-02 09:10:48'),(252,'TARATAK',101,7,'2023-07-02 09:11:14','2023-07-02 09:11:14'),(253,'TANGAH',101,7,'2023-07-02 09:11:26','2023-07-02 09:11:26'),(254,'BARU',101,7,'2023-07-02 09:11:36','2023-07-02 09:11:36'),(255,'NANGGALO',106,7,'2023-07-02 09:12:11','2023-07-02 09:12:11'),(256,'PASAR SIMPANG TIGO',106,7,'2023-07-02 09:12:22','2023-07-02 09:12:22'),(257,'TANJUNG SAWAH',106,7,'2023-07-02 09:12:32','2023-07-02 09:12:32'),(258,'NANGGALO DALAM',106,7,'2023-07-02 09:12:41','2023-07-02 09:12:41'),(259,'MUARO KARANG TANGAH',95,7,'2023-07-02 09:13:04','2023-07-02 09:13:04'),(260,'PULAU KARAM',95,7,'2023-07-02 09:13:15','2023-07-02 09:13:15'),(261,'SUNGAI TAWA',88,7,'2023-07-02 09:13:52','2023-07-02 09:13:52'),(262,'TALUAK RAYA',88,7,'2023-07-02 09:14:02','2023-07-02 09:14:02'),(263,'SEBERANG SAWAH',88,7,'2023-07-02 09:14:11','2023-07-02 09:14:11'),(264,'PINCURAN BATU',88,7,'2023-07-02 09:14:28','2023-07-02 09:14:28'),(265,'JIREK',110,7,'2023-07-02 09:14:50','2023-07-02 09:14:50'),(266,'KOTO',110,7,'2023-07-02 09:15:00','2023-07-02 09:15:00'),(267,'SIGUNTUR TUA',98,7,'2023-07-02 09:15:25','2023-07-02 09:15:25'),(268,'TARANDAM',98,7,'2023-07-02 09:15:40','2023-07-02 09:15:40'),(269,'SUNGAI NYALO',92,7,'2023-07-02 09:16:42','2023-07-02 09:16:42'),(270,'MUDIAK AIA',92,7,'2023-07-02 09:16:53','2023-07-02 09:16:53'),(271,'KOTO',109,7,'2023-07-02 09:17:24','2023-07-02 09:17:24'),(272,'PASA',109,7,'2023-07-02 09:17:37','2023-07-02 09:17:37'),(273,'TARATAK',99,7,'2023-07-02 09:18:04','2023-07-02 09:18:04'),(274,'KAPALO KOTO',99,7,'2023-07-02 09:18:14','2023-07-02 09:18:14'),(275,'ALAI',83,8,'2023-07-02 09:19:19','2023-07-02 09:19:19'),(276,'UJUNG AIR',83,8,'2023-07-02 09:19:31','2023-07-02 09:19:31'),(277,'PASAR AMPING PARAK',83,8,'2023-07-02 09:19:44','2023-07-02 09:19:44'),(278,'KOTO TAROK',83,8,'2023-07-02 09:19:53','2023-07-02 09:19:53'),(279,'PADANG TAE',83,8,'2023-07-02 09:20:02','2023-07-02 09:20:02'),(280,'PADANG LAWEH',83,8,'2023-07-02 09:20:14','2023-07-02 09:20:14'),(281,'GUNUNG PAUH',84,8,'2023-07-02 09:20:42','2023-07-02 09:20:42'),(282,'BUKIT KACIAK',84,8,'2023-07-02 09:20:52','2023-07-02 09:20:52'),(283,'SIKABU MUNTO',84,8,'2023-07-02 09:21:00','2023-07-02 09:21:00'),(284,'TARATAK PANAS',84,8,'2023-07-02 09:21:09','2023-07-02 09:21:09'),(285,'TANJUNG GADANG',84,8,'2023-07-02 09:21:22','2023-07-02 09:21:22'),(286,'TIMBULUN',80,8,'2023-07-02 09:21:48','2023-07-02 09:21:48'),(287,'PASIR NAN PANJANG',80,8,'2023-07-02 09:22:02','2023-07-02 09:22:02'),(288,'AMPALU',75,8,'2023-07-02 09:22:37','2023-07-02 09:22:37'),(289,'KAYU ARO',75,8,'2023-07-02 09:22:47','2023-07-02 09:22:47'),(290,'BATU BALA',76,8,'2023-07-02 09:23:13','2023-07-02 09:23:13'),(291,'LANGGAI',76,8,'2023-07-02 09:23:23','2023-07-02 09:23:23'),(292,'KOTO PANJANG',77,8,'2023-07-02 09:23:49','2023-07-02 09:23:49'),(293,'KOTO MERAPAK',77,8,'2023-07-02 09:24:00','2023-07-02 09:24:00'),(294,'KAYU GADANG',78,8,'2023-07-02 09:24:20','2023-07-02 09:24:20'),(295,'KAYU GADANG TANGAH',78,8,'2023-07-02 09:24:29','2023-07-02 09:24:29'),(296,'KAYU GADANG TIGO KOTO',78,8,'2023-07-02 09:24:39','2023-07-02 09:24:39'),(297,'KOTO TARATAK',82,8,'2023-07-02 09:25:09','2023-07-02 09:25:09'),(298,'TANJUNG ALAI',82,8,'2023-07-02 09:25:17','2023-07-02 09:25:17'),(299,'LANSANO',81,8,'2023-07-02 09:27:07','2023-07-02 09:27:07'),(300,'AIR TERJUN LANSANO',81,8,'2023-07-02 09:27:18','2023-07-02 09:27:18'),(301,'RAWANG',79,8,'2023-07-02 09:27:36','2023-07-02 09:27:36'),(302,'GUNUNG MALELO',79,8,'2023-07-02 09:27:49','2023-07-02 09:27:49'),(303,'PASAR SURANTIH',86,8,'2023-07-02 09:28:20','2023-07-02 09:28:20'),(304,'SUNGAI SIRAH',86,8,'2023-07-02 09:28:29','2023-07-02 09:28:29'),(305,'PASAR TARATAK',87,8,'2023-07-02 09:28:47','2023-07-02 09:28:47'),(306,'AIR TERJUN',87,8,'2023-07-02 09:29:01','2023-07-02 09:29:01'),(307,'KOTO PANAI',72,9,'2023-07-02 09:30:23','2023-07-02 09:30:23'),(308,'KOTO MARAPAK',72,9,'2023-07-02 09:30:34','2023-07-02 09:30:34'),(309,'LABUHAN TANJAK',64,9,'2023-07-02 09:30:54','2023-07-02 09:30:54'),(310,'DURIAN PANDAAN',64,9,'2023-07-02 09:31:01','2023-07-02 09:31:01'),(311,'PALAK LANGANG',64,9,'2023-07-02 09:31:09','2023-07-02 09:31:09'),(312,'TANJUNG MEDAN',63,9,'2023-07-02 09:31:33','2023-07-02 09:31:33'),(313,'TANJUNG MUDIK',63,9,'2023-07-02 09:31:42','2023-07-02 09:31:42'),(314,'ALANG SUNGKAI',63,9,'2023-07-02 09:31:53','2023-07-02 09:31:53'),(315,'LUBUK BUAYA',67,9,'2023-07-02 09:32:29','2023-07-02 09:32:29'),(316,'BUKIT SILAPU',67,9,'2023-07-02 09:32:40','2023-07-02 09:32:40'),(317,'KOTO GADANG',67,9,'2023-07-02 09:32:50','2023-07-02 09:32:50'),(318,'AIR SIKAMBING',67,9,'2023-07-02 09:32:59','2023-07-02 09:32:59'),(319,'BUKIT PUTUS DALAM',68,9,'2023-07-02 09:33:52','2023-07-02 09:33:52'),(320,'LAGAN GADANG HILIR',68,9,'2023-07-02 09:34:02','2023-07-02 09:34:02'),(321,'LAGAN KECIL MUDIK',69,9,'2023-07-02 09:34:23','2023-07-02 09:34:23'),(322,'LAGAN GADANG MUDIK',69,9,'2023-07-02 09:34:35','2023-07-02 09:34:35'),(323,'MUARA GADANG BARAT',61,9,'2023-07-02 09:35:12','2023-07-02 09:35:12'),(324,'MUARA GADANG TIMUR',61,9,'2023-07-02 09:35:22','2023-07-02 09:35:22'),(325,'MUARA KANDIS',59,9,'2023-07-02 09:35:48','2023-07-02 09:35:48'),(326,'KANDIS',59,9,'2023-07-02 09:36:01','2023-07-02 09:36:01'),(327,'HARAPAN JAYA',59,9,'2023-07-02 09:36:17','2023-07-02 09:36:17'),(328,'RATAU BATU AMBACANG',70,9,'2023-07-02 09:36:42','2023-07-02 09:36:42'),(329,'PADANG KAYU DADIH',70,9,'2023-07-02 09:36:52','2023-07-02 09:36:52'),(330,'KOTO MERAPAK',70,9,'2023-07-02 09:37:02','2023-07-02 09:37:02'),(331,'KUMPULAN BANANG',65,9,'2023-07-02 09:37:39','2023-07-02 09:37:39'),(332,'RAWANG BAKUNG',65,9,'2023-07-02 09:37:52','2023-07-02 09:37:52'),(333,'PASAR LAMA',66,9,'2023-07-02 09:38:15','2023-07-02 09:38:15'),(334,'MUARA AIR HAJI',66,9,'2023-07-02 09:38:24','2023-07-02 09:38:24'),(335,'RANTAU BATU PASAR',71,9,'2023-07-02 09:38:46','2023-07-02 09:38:46'),(336,'SINGKARING RIMBO PANJANG',71,9,'2023-07-02 09:38:55','2023-07-02 09:38:55'),(337,'KOTO LANGANG',74,9,'2023-07-02 09:39:24','2023-07-02 09:39:24'),(338,'BALIK GUNUNG',74,9,'2023-07-02 09:39:37','2023-07-02 09:39:37'),(339,'TENGAH PADANG',74,9,'2023-07-02 09:39:48','2023-07-02 09:39:48'),(340,'KOTO PANJANG',74,9,'2023-07-02 09:40:02','2023-07-02 09:40:02'),(341,'BUKIT PUTUS LUAR',73,9,'2023-07-02 09:40:33','2023-07-02 09:40:33'),(342,'TANDIKAT AIR JAMBU',73,9,'2023-07-02 09:40:50','2023-07-02 09:40:50'),(343,'BUKIT KACIAK',62,9,'2023-07-02 09:41:16','2023-07-02 09:41:16'),(344,'KOTO LANGANG',62,9,'2023-07-02 09:41:31','2023-07-02 09:41:31'),(345,'DANAU',62,9,'2023-07-02 09:41:44','2023-07-02 09:41:44'),(346,'SIKABU',62,9,'2023-07-02 09:41:55','2023-07-02 09:41:55'),(347,'LUAR PARIT',62,9,'2023-07-02 09:42:08','2023-07-02 09:42:08'),(348,'SUNGAI SIRAH HILIR',60,9,'2023-07-02 09:42:35','2023-07-02 09:42:35'),(349,'SUNGAI SIRAH MUDIK',60,9,'2023-07-02 09:42:48','2023-07-02 09:42:48'),(350,'PONDOK PEMATANG',49,10,'2023-07-02 09:43:48','2023-07-02 09:43:48'),(351,'LUBUK SITEPUNG',49,10,'2023-07-02 09:43:58','2023-07-02 09:43:58'),(352,'RANTAU KATAKA',49,10,'2023-07-02 09:44:07','2023-07-02 09:44:07'),(353,'MEDAN JAYA',49,10,'2023-07-02 09:44:16','2023-07-02 09:44:16'),(354,'TALANG SARI IV',52,10,'2023-07-02 09:44:42','2023-07-02 09:44:42'),(355,'TANJUNG RAYA',52,10,'2023-07-02 09:44:52','2023-07-02 09:44:52'),(356,'MEKAR JAYA',57,10,'2023-07-02 09:45:25','2023-07-02 09:45:25'),(357,'SIDO MULYO',57,10,'2023-07-02 09:45:35','2023-07-02 09:45:35'),(358,'WUNGU REJO',57,10,'2023-07-02 09:45:44','2023-07-02 09:45:44'),(359,'MEKAR SARI',57,10,'2023-07-02 09:46:16','2023-07-02 09:46:16'),(360,'TANJUNG BERINGIN II',51,10,'2023-07-02 09:46:40','2023-07-02 09:46:40'),(361,'TANJUNG BERINGIN IV',51,10,'2023-07-02 09:46:49','2023-07-02 09:46:49'),(362,'TANJUNG BERINGIN V',51,10,'2023-07-02 09:46:57','2023-07-02 09:46:57'),(363,'TANJUNG BERINGIN VI',51,10,'2023-07-02 09:47:08','2023-07-02 09:47:08'),(364,'PONDOK TALANG',55,10,'2023-07-02 09:47:31','2023-07-02 09:47:31'),(365,'SUNGAI GEDANG',55,10,'2023-07-02 09:47:41','2023-07-02 09:47:41'),(366,'MARGA MULYA',58,10,'2023-07-02 09:48:06','2023-07-02 09:48:06'),(367,'TANJUNG MULYA',58,10,'2023-07-02 09:48:15','2023-07-02 09:48:15'),(368,'UJUNG JAYA',58,10,'2023-07-02 09:48:25','2023-07-02 09:48:25'),(369,'TALANG MEDAN',50,10,'2023-07-02 09:48:55','2023-07-02 09:48:55'),(370,'KUMBUNG SATU',50,10,'2023-07-02 09:49:09','2023-07-02 09:49:09'),(371,'KUMBUNG GEDANG',54,10,'2023-07-02 09:49:37','2023-07-02 09:49:37'),(372,'BUKIT TAPUS',54,10,'2023-07-02 09:49:52','2023-07-02 09:49:52'),(373,'SINDANG',53,10,'2023-07-02 09:50:19','2023-07-02 09:50:19'),(374,'UPT SINDANG',53,10,'2023-07-02 09:50:28','2023-07-02 09:50:28'),(375,'SUNGAI LASI',53,10,'2023-07-02 09:50:38','2023-07-02 09:50:38'),(376,'AIR BATU',48,11,'2023-07-02 09:52:33','2023-07-02 09:52:33'),(377,'SUNGAI DURIAN',48,11,'2023-07-02 09:52:47','2023-07-02 09:52:47'),(378,'PASAR 60',46,11,'2023-07-02 09:53:14','2023-07-02 09:53:14'),(379,'PENGANTINGAN',46,11,'2023-07-02 09:53:28','2023-07-02 09:53:28'),(380,'PASAR RAYA',185,11,'2023-07-02 09:53:56','2023-07-02 09:53:56'),(381,'TEBING TINGGI',185,11,'2023-07-02 09:54:15','2023-07-02 09:54:15'),(382,'AIR DINGIN',184,11,'2023-07-02 09:54:51','2023-07-02 09:54:51'),(383,'RAWANG BUBUR',184,11,'2023-07-02 09:55:18','2023-07-02 09:55:18'),(384,'DUSUN BARU',181,11,'2023-07-02 09:55:54','2023-07-02 09:55:54'),(385,'DUSUN MUDIK',181,11,'2023-07-02 09:56:06','2023-07-02 09:56:06'),(386,'KOTO ANAU',182,11,'2023-07-02 09:56:29','2023-07-02 09:56:29'),(387,'LALANG',182,11,'2023-07-02 09:56:39','2023-07-02 09:56:39'),(388,'PASAR BUKIT',45,11,'2023-07-02 09:57:22','2023-07-02 09:57:22'),(389,'PASAR BELAKANG',45,11,'2023-07-02 09:57:38','2023-07-02 09:57:38'),(390,'RIAK DANAU',183,11,'2023-07-02 09:58:06','2023-07-02 09:58:06'),(391,'SUNGAI RUMBAI',183,11,'2023-07-02 09:58:14','2023-07-02 09:58:14'),(392,'TANJUNG PONDOK',43,11,'2023-07-02 09:58:39','2023-07-02 09:58:39'),(393,'TALANG BUNGO',43,11,'2023-07-02 09:58:48','2023-07-02 09:58:48'),(394,'ALANG RAMBAH',44,11,'2023-07-02 09:59:22','2023-07-02 09:59:22'),(395,'LABUAN',44,11,'2023-07-02 09:59:36','2023-07-02 09:59:36'),(396,'RANAH BAYANG',179,12,'2023-07-02 10:00:47','2023-07-02 10:00:47'),(397,'PADANG PASIR',179,12,'2023-07-02 10:01:01','2023-07-02 10:01:01'),(398,'BAYANG JANIH',179,12,'2023-07-02 10:01:12','2023-07-02 10:01:12'),(399,'LIMAU PURUIK',179,12,'2023-07-02 10:01:22','2023-07-02 10:01:22'),(401,'TARATAK',179,12,'2023-07-02 10:02:01','2023-07-02 10:02:01'),(402,'LIMAU-LIMAU',175,12,'2023-07-02 10:02:31','2023-07-02 10:02:31'),(403,'NGALAU GADANG',175,12,'2023-07-02 10:02:44','2023-07-02 10:02:44'),(404,'MUARO AIE',178,12,'2023-07-02 10:03:06','2023-07-02 10:03:06'),(405,'DILAN',178,12,'2023-07-02 10:03:18','2023-07-02 10:03:18'),(406,'PANCUNG TABA',177,12,'2023-07-02 10:03:46','2023-07-02 10:03:46'),(407,'DILAN PANCUNG TABA',177,12,'2023-07-02 10:03:58','2023-07-02 10:03:58'),(408,'PULUIK-PULUIK',180,12,'2023-07-02 10:04:31','2023-07-02 10:04:31'),(409,'TARATAK BARU',180,12,'2023-07-02 10:04:45','2023-07-02 10:04:45'),(410,'TARATAK TELENG',180,12,'2023-07-02 10:05:00','2023-07-02 10:05:00'),(411,'ASAM KUMBANG',176,12,'2023-07-02 10:05:24','2023-07-02 10:05:24'),(412,'ASAM KUMBANG SELATAN',176,12,'2023-07-02 10:05:35','2023-07-02 10:05:35'),(413,'CALAU',176,12,'2023-07-02 10:05:49','2023-07-02 10:05:49'),(414,'PEMATANG TANGAH',172,13,'2023-07-02 10:07:09','2023-07-02 10:07:09'),(415,'TANAH BAJAK',172,13,'2023-07-02 10:07:20','2023-07-02 10:07:20'),(416,'KOTO PANDAN',166,13,'2023-07-02 10:08:03','2023-07-02 10:08:03'),(417,'LUBUK PANDAN',166,13,'2023-07-02 10:08:17','2023-07-02 10:08:17'),(418,'LUBUK BETUNG TENGAH',174,13,'2023-07-02 10:08:40','2023-07-02 10:08:40'),(419,'LUBUK BETUNG HILIR',174,13,'2023-07-02 10:08:51','2023-07-02 10:08:51'),(420,'SUALANG',171,13,'2023-07-02 10:09:16','2023-07-02 10:09:16'),(421,'PAKAN SALASA',171,13,'2023-07-02 10:09:28','2023-07-02 10:09:28'),(422,'KAMPUNG DALAM',169,13,'2023-07-02 10:09:53','2023-07-02 10:09:53'),(423,'RANTAU MIPIH',169,13,'2023-07-02 10:10:06','2023-07-02 10:10:06'),(424,'BUKIT BUJANG-BUJANG',173,13,'2023-07-02 10:10:35','2023-07-02 10:10:35'),(425,'AIR MATI',173,13,'2023-07-02 10:10:46','2023-07-02 10:10:46'),(426,'PALOKAN',170,13,'2023-07-02 10:11:10','2023-07-02 10:11:10'),(427,'UJUNG TANAH',170,13,'2023-07-02 10:11:21','2023-07-02 10:11:21'),(428,'BATANG TINDIH',165,13,'2023-07-02 10:11:43','2023-07-02 10:11:43'),(429,'KAYU KUNIANG',165,13,'2023-07-02 10:11:53','2023-07-02 10:11:53'),(430,'AIR BATU',167,13,'2023-07-02 10:12:22','2023-07-02 10:12:22'),(431,'TANAH BAKALI',167,13,'2023-07-02 10:12:31','2023-07-02 10:12:31'),(432,'MEDAN BAIK',168,13,'2023-07-02 10:12:52','2023-07-02 10:12:52'),(433,'RIMBO LUMANG',168,13,'2023-07-02 10:13:04','2023-07-02 10:13:04'),(434,'BINJAI',160,14,'2023-07-02 10:13:58','2023-07-02 10:14:12'),(435,'PASAR BARU',160,14,'2023-07-02 10:14:25','2023-07-02 10:14:25'),(436,'TANJUNG GOBAH',157,14,'2023-07-02 10:14:51','2023-07-02 10:14:51'),(437,'TELUK PAMELU',157,14,'2023-07-02 10:15:07','2023-07-02 10:15:07'),(438,'PONDOK LAMO',156,14,'2023-07-02 10:15:29','2023-07-02 10:15:29'),(439,'BUKIK LANGKUEH',156,14,'2023-07-02 10:15:38','2023-07-02 10:15:38'),(440,'PENEDAH',163,14,'2023-07-02 10:16:09','2023-07-02 10:16:09'),(441,'PENEDAH HILIR',163,14,'2023-07-02 10:16:22','2023-07-02 10:16:22'),(442,'TALANG KUNDI',155,14,'2023-07-02 10:16:56','2023-07-02 10:16:56'),(443,'SIMPANG GUNUNG',155,14,'2023-07-02 10:17:09','2023-07-02 10:17:09'),(444,'SAKO',164,14,'2023-07-02 10:17:39','2023-07-02 10:17:39'),(445,'JANGKI AYAM',164,14,'2023-07-02 10:17:52','2023-07-02 10:17:52'),(446,'SUNGAI PINANG',159,14,'2023-07-02 10:18:12','2023-07-02 10:18:12'),(447,'KUBURAN CINO',159,14,'2023-07-02 10:18:28','2023-07-02 10:18:28'),(448,'LUBUK LANGGINANG',162,14,'2023-07-02 10:18:59','2023-07-02 10:18:59'),(449,'PROYEK',162,14,'2023-07-02 10:19:18','2023-07-02 10:19:18'),(450,'TALANG',158,14,'2023-07-02 10:19:43','2023-07-02 10:19:43'),(451,'TALANG KETAPING',158,14,'2023-07-02 10:19:58','2023-07-02 10:19:58'),(452,'TEBING TINGGI',161,14,'2023-07-02 10:20:40','2023-07-02 10:20:40'),(453,'BUKIT PUTUS',161,14,'2023-07-02 10:20:48','2023-07-02 10:20:48'),(454,'SILAUT IV',146,15,'2023-07-02 10:22:56','2023-07-02 10:22:56'),(455,'RANTAU LENGUNDI',146,15,'2023-07-02 10:23:05','2023-07-02 10:23:05'),(456,'SILAUT V',146,15,'2023-07-02 10:23:18','2023-07-02 10:23:18'),(457,'DURIAN API',148,15,'2023-07-02 10:23:40','2023-07-02 10:23:40'),(458,'SUMBER SARI',148,15,'2023-07-02 10:23:50','2023-07-02 10:23:50'),(459,'SILAUT I',147,15,'2023-07-02 10:24:10','2023-07-02 10:24:10'),(460,'LUBUK BUNTA',147,15,'2023-07-02 10:24:21','2023-07-02 10:24:21'),(461,'SILAUT II',150,15,'2023-07-02 10:24:44','2023-07-02 10:24:44'),(462,'RANTAU PANJANG',150,15,'2023-07-02 10:25:05','2023-07-02 10:25:05'),(463,'TANJUNG SARI',145,15,'2023-07-02 10:25:35','2023-07-02 10:25:35'),(464,'SILAUT VI',145,15,'2023-07-02 10:25:47','2023-07-02 10:25:47'),(465,'SAMBUNGO',145,15,'2023-07-02 10:25:56','2023-07-02 10:25:56'),(466,'PASAR SEBELAH',154,15,'2023-07-02 10:26:23','2023-07-02 10:26:23'),(467,'DUSUN TUO',154,15,'2023-07-02 10:26:34','2023-07-02 10:26:34'),(468,'TALANG MANDIANGIN',154,15,'2023-07-02 10:26:42','2023-07-02 10:26:42'),(469,'SILAUT',154,15,'2023-07-02 10:26:51','2023-07-02 10:26:51'),(470,'TANAH NAGO',151,15,'2023-07-02 10:27:45','2023-07-02 10:27:45'),(471,'MEKAR SARI MULYO',151,15,'2023-07-02 10:27:52','2023-07-02 10:27:52'),(472,'SILAUT III',151,15,'2023-07-02 10:28:01','2023-07-02 10:28:01'),(473,'SUNGAI SARIK',152,15,'2023-07-02 10:28:20','2023-07-02 10:28:20'),(474,'SUNGAI LIMAU',152,15,'2023-07-02 10:28:28','2023-07-02 10:28:28'),(475,'GOBAH TALANG KAYU JAO',153,15,'2023-07-02 10:29:00','2023-07-02 10:29:00'),(476,'DANAU BETUNG',153,15,'2023-07-02 10:29:08','2023-07-02 10:29:08'),(477,'PASAR MELINTANG',153,15,'2023-07-02 10:29:18','2023-07-02 10:29:18'),(478,'TSM SILAUT II',149,15,'2023-07-02 10:29:53','2023-07-02 10:29:53'),(479,'LEBAK BALAM',149,15,'2023-07-02 10:30:07','2023-07-02 10:30:07'),(480,'SIDO DADI',149,15,'2023-07-02 10:30:20','2023-07-02 10:30:20'),(481,'PASAR PAGI',56,10,'2023-07-02 11:00:49','2023-07-02 11:00:49'),(482,'TEGAL REJO',56,10,'2023-07-02 11:01:07','2023-07-02 11:01:07'),(483,'SIDO REJO',56,10,'2023-07-02 11:01:23','2023-07-02 11:01:23');

/*Table structure for table `kecamatans` */

DROP TABLE IF EXISTS `kecamatans`;

CREATE TABLE `kecamatans` (
  `id` bigint(20) unsigned NOT NULL AUTO_INCREMENT,
  `nama_kecamatan` varchar(255) COLLATE utf8mb4_unicode_ci NOT NULL,
  `created_at` timestamp NULL DEFAULT NULL,
  `updated_at` timestamp NULL DEFAULT NULL,
  PRIMARY KEY (`id`)
) ENGINE=InnoDB AUTO_INCREMENT=16 DEFAULT CHARSET=utf8mb4 COLLATE=utf8mb4_unicode_ci;

/*Data for the table `kecamatans` */

insert  into `kecamatans`(`id`,`nama_kecamatan`,`created_at`,`updated_at`) values (1,'PANCUNG SOAL','2023-06-18 21:07:33','2023-06-18 21:07:33'),(2,'RANAH PESISIR','2023-06-18 21:07:54','2023-06-18 21:07:54'),(3,'LENGAYANG','2023-06-18 21:08:13','2023-06-18 21:08:13'),(4,'BATANG KAPAS','2023-06-18 21:08:26','2023-06-18 21:08:26'),(5,'IV JURAI','2023-06-18 21:08:41','2023-06-18 21:08:41'),(6,'BAYANG','2023-06-18 21:08:52','2023-06-18 21:08:52'),(7,'KOTO XI TARUSAN','2023-06-18 21:09:05','2023-06-18 21:09:05'),(8,'SUTERA','2023-06-18 21:09:16','2023-06-18 21:09:16'),(9,'LINGGO SARI BAGANTI','2023-06-18 21:09:24','2023-06-18 21:09:24'),(10,'LUNANG','2023-06-18 21:09:32','2023-06-18 21:09:32'),(11,'BASA IV BALAI TAPAN','2023-06-18 21:09:38','2023-06-18 21:09:38'),(12,'IV NAGARI BAYANG UTARA','2023-06-18 21:09:44','2023-06-18 21:09:44'),(13,'AIR PURA','2023-06-18 21:09:56','2023-06-18 21:09:56'),(14,'RANAH AMPEK HULU TAPAN','2023-06-18 21:10:04','2023-06-18 21:10:04'),(15,'SILAUT','2023-06-18 21:10:10','2023-06-18 21:10:10');

/*Table structure for table `migrations` */

DROP TABLE IF EXISTS `migrations`;

CREATE TABLE `migrations` (
  `id` int(10) unsigned NOT NULL AUTO_INCREMENT,
  `migration` varchar(255) COLLATE utf8mb4_unicode_ci NOT NULL,
  `batch` int(11) NOT NULL,
  PRIMARY KEY (`id`)
) ENGINE=InnoDB AUTO_INCREMENT=32 DEFAULT CHARSET=utf8mb4 COLLATE=utf8mb4_unicode_ci;

/*Data for the table `migrations` */

insert  into `migrations`(`id`,`migration`,`batch`) values (1,'2014_10_12_000000_create_users_table',1),(2,'2014_10_12_100000_create_password_resets_table',1),(3,'2019_08_19_000000_create_failed_jobs_table',1),(4,'2019_12_14_000001_create_personal_access_tokens_table',1),(5,'2023_02_26_031122_create_sekolahs_table',1),(6,'2023_03_02_021830_create_penghasilans_table',1),(7,'2023_03_03_094356_create_pekerjaans_table',1),(8,'2023_03_04_063941_create_siswas_table',1),(12,'2023_03_17_090325_create_prestasis_table',2),(13,'2023_03_23_050230_create_penghargaans_table',3),(15,'2023_04_01_044926_add_bukti_nilai_rapor_to_prestasis_table',4),(16,'2023_04_02_041217_create_afirmasis_table',5),(18,'2023_04_05_065937_create_pindah_tugas_table',6),(19,'2023_04_08_055721_add_no_pendaftaran_to_siswas_table',7),(20,'2023_04_16_081854_create_kecamatans_table',8),(21,'2023_04_17_021047_create_nagaris_table',9),(22,'2023_04_17_064832_create_kampungs_table',10),(24,'2023_04_18_015907_create_zonasi_sekolahs_table',11),(25,'2023_04_18_043329_add_nagari_to_siswas_table',12),(26,'2023_04_18_055027_add_sekolah_id_to_zonasi_sekolahs_table',13),(27,'2023_04_18_060229_create_zonasis_table',14),(28,'2014_10_00_000000_create_settings_table',15),(29,'2014_10_00_000001_add_group_column_on_settings_table',15),(30,'2023_05_08_032638_add_status_to_zonasis_table',16),(31,'2023_05_26_095444_add_no_urut_to_zonasi_sekolahs_table',17);

/*Table structure for table `nagaris` */

DROP TABLE IF EXISTS `nagaris`;

CREATE TABLE `nagaris` (
  `id` bigint(20) unsigned NOT NULL AUTO_INCREMENT,
  `nama_nagari` varchar(255) COLLATE utf8mb4_unicode_ci NOT NULL,
  `kecamatan_id` bigint(20) unsigned NOT NULL,
  `created_at` timestamp NULL DEFAULT NULL,
  `updated_at` timestamp NULL DEFAULT NULL,
  PRIMARY KEY (`id`),
  KEY `nagaris_kecamatan_id_foreign` (`kecamatan_id`),
  CONSTRAINT `nagaris_kecamatan_id_foreign` FOREIGN KEY (`kecamatan_id`) REFERENCES `kecamatans` (`id`) ON DELETE CASCADE
) ENGINE=InnoDB AUTO_INCREMENT=186 DEFAULT CHARSET=utf8mb4 COLLATE=utf8mb4_unicode_ci;

/*Data for the table `nagaris` */

insert  into `nagaris`(`id`,`nama_nagari`,`kecamatan_id`,`created_at`,`updated_at`) values (1,'INDERAPURA',1,'2023-06-18 21:11:34','2023-07-02 07:52:25'),(2,'INDERAPURA SELATAN',1,'2023-06-18 21:11:54','2023-06-18 21:11:54'),(3,'INDERAPURA BARAT',1,'2023-06-18 21:12:33','2023-06-18 21:12:33'),(4,'INDERAPURA TENGAH',1,'2023-06-18 21:14:07','2023-06-18 21:14:07'),(5,'TIGA SEPAKAT INDERAPURA',1,'2023-06-18 21:14:31','2023-06-18 21:14:31'),(6,'TIGO SUNGAI INDERAPURA',1,'2023-06-18 21:14:45','2023-06-18 21:14:45'),(7,'MUARO SAKAI INDERAPURA',1,'2023-06-18 21:15:05','2023-06-18 21:15:05'),(8,'KUDO-KUDO INDERAPURA',1,'2023-06-18 21:15:22','2023-06-18 21:15:22'),(9,'TLUK AMPLU INDERAPURA',1,'2023-06-18 21:15:43','2023-06-18 21:15:43'),(10,'SIMPANG LAMA INDERAPURA',1,'2023-06-18 21:16:39','2023-06-18 21:16:39'),(11,'SUNGAI TUNU UTARA',2,'2023-07-01 10:27:40','2023-07-01 10:27:40'),(12,'PELANGAI',2,'2023-07-01 10:28:04','2023-07-01 10:28:04'),(13,'PASIA PELANGAI',2,'2023-07-01 10:28:44','2023-07-01 10:28:44'),(14,'PELANGAI KACIAK',2,'2023-07-01 10:28:58','2023-07-01 10:28:58'),(15,'PELANGAI GADANG',2,'2023-07-01 10:29:31','2023-07-01 10:29:31'),(16,'KOTO VIII PELANGAI',2,'2023-07-01 10:29:55','2023-07-01 10:29:55'),(17,'SUNGAI LIKU PELANGAI',2,'2023-07-01 10:30:38','2023-07-01 10:30:38'),(18,'NYIUR MELAMBAI PELANGAI',2,'2023-07-01 10:31:22','2023-07-01 10:31:22'),(19,'SUNGAI TUNU BARAT',2,'2023-07-01 10:31:33','2023-07-01 10:31:33'),(20,'SUNGAI TUNU',2,'2023-07-01 10:32:16','2023-07-01 10:32:16'),(21,'KAMBANG UTARA',3,'2023-07-01 10:39:03','2023-07-01 10:39:03'),(22,'LAKITAN',3,'2023-07-01 10:39:16','2023-07-01 10:39:16'),(23,'KAMBANG',3,'2023-07-01 10:39:24','2023-07-01 10:39:24'),(24,'LAKITAN UTARA',3,'2023-07-01 10:39:39','2023-07-01 10:39:39'),(25,'LAKITAN TIMUR',3,'2023-07-01 10:39:49','2023-07-01 10:39:49'),(26,'KAMBANG BARAT',3,'2023-07-01 10:40:06','2023-07-01 10:40:06'),(27,'KAMBANG TIMUR',3,'2023-07-01 10:40:16','2023-07-01 10:40:16'),(28,'LAKITAN TENGAH',3,'2023-07-01 10:40:30','2023-07-01 10:40:30'),(29,'LAKITAN SELATAN',3,'2023-07-01 10:41:27','2023-07-01 10:41:27'),(30,'SUNGAI NYALO IV KOTO MUDIEK',4,'2023-07-01 10:42:54','2023-07-01 10:42:54'),(31,'TUIK IV KOTO MUDIEK',4,'2023-07-01 10:43:04','2023-07-01 10:43:04'),(32,'KOTO NAN DUO IV KOTO HILIE',4,'2023-07-01 10:43:13','2023-07-01 10:43:13'),(33,'TALUAK',4,'2023-07-01 10:43:25','2023-07-01 10:43:25'),(34,'IV KOTO MUDIEK',4,'2023-07-01 10:43:48','2023-07-01 10:43:48'),(35,'IV KOTO HILIE',4,'2023-07-01 10:44:09','2023-07-01 10:44:09'),(36,'TALUK TIGO SAKATO',4,'2023-07-01 10:44:29','2023-07-01 10:44:29'),(37,'KOTO NAN TIGO IV KOTO HILIE',4,'2023-07-01 10:44:39','2023-07-01 10:44:39'),(38,'TERATAK TEMPATIH IV KOTO MUDIEK',4,'2023-07-01 10:45:04','2023-07-01 10:45:04'),(39,'PAINAN',5,'2023-07-01 10:48:21','2023-07-01 10:48:21'),(40,'TAMBANG',5,'2023-07-01 10:48:38','2023-07-01 10:48:38'),(42,'SALIDO',5,'2023-07-01 10:49:17','2023-07-01 10:49:17'),(43,'TANJUNG PONDOK TAPAN',11,'2023-07-01 10:50:39','2023-07-01 10:50:39'),(44,'TAPAN',11,'2023-07-01 10:50:55','2023-07-01 10:50:55'),(45,'PASAR TAPAN',11,'2023-07-01 10:51:07','2023-07-01 10:51:07'),(46,'BATANG ARAH TAPAN',11,'2023-07-01 10:51:37','2023-07-01 10:51:37'),(48,'AMPANG TULAK TAPAN',11,'2023-07-01 10:52:17','2023-07-01 10:52:17'),(49,'LUNANG',10,'2023-07-01 11:26:40','2023-07-01 11:26:40'),(50,'LUNANG UTARA',10,'2023-07-01 11:26:48','2023-07-01 11:26:48'),(51,'LUNANG SELATAN',10,'2023-07-01 11:26:56','2023-07-01 11:26:56'),(52,'LUNANG BARAT',10,'2023-07-01 11:28:55','2023-07-01 11:28:55'),(53,'SINDANG LUNANG',10,'2023-07-01 11:29:13','2023-07-01 11:29:13'),(54,'PONDOK PARIAN LUNANG',10,'2023-07-01 11:29:24','2023-07-01 11:29:24'),(55,'LUNANG TENGAH',10,'2023-07-01 11:29:36','2023-07-01 11:29:36'),(56,'LUNANG SATU',10,'2023-07-01 11:30:03','2023-07-01 11:30:03'),(57,'LUNANG DUA',10,'2023-07-01 11:30:10','2023-07-01 11:30:10'),(58,'LUNANG TIGA',10,'2023-07-01 11:30:36','2023-07-01 11:30:36'),(59,'MUARA KANDIS PUNGGASAN',9,'2023-07-01 11:32:16','2023-07-01 11:32:16'),(60,'SUNGAI SIRAH AIR HAJI',9,'2023-07-01 11:32:40','2023-07-01 11:32:40'),(61,'MUARA GADANG AIR HAJI',9,'2023-07-01 11:32:51','2023-07-01 11:32:51'),(62,'RANTAU SIMALENANG AIR HAJI',9,'2023-07-01 11:33:34','2023-07-01 11:33:34'),(63,'AIR HAJI TENGAH',9,'2023-07-01 11:33:53','2023-07-01 11:33:53'),(64,'AIR HAJI BARAT',9,'2023-07-01 11:34:05','2023-07-01 11:34:05'),(65,'PASAR BUKIT AIR HAJI',9,'2023-07-01 11:34:19','2023-07-01 11:34:19'),(66,'PASAR LAMA MUARA AIR HAJI',9,'2023-07-01 11:34:30','2023-07-01 11:34:30'),(67,'AIR HAJI TENGGARA',9,'2023-07-01 11:34:41','2023-07-01 11:34:41'),(68,'LAGAN HILIR PUNGGASAN',9,'2023-07-01 11:35:55','2023-07-01 11:35:55'),(69,'LAGAN MUDIK PUNGGASAN',9,'2023-07-01 11:36:05','2023-07-01 11:36:05'),(70,'PADANG XI PUNGGASAN',9,'2023-07-01 11:36:22','2023-07-01 11:36:22'),(71,'PUNGGASAN',9,'2023-07-01 11:36:37','2023-07-01 11:36:37'),(72,'AIR HAJI',9,'2023-07-01 11:36:51','2023-07-01 11:36:51'),(73,'PUNGGASAN UTARA',9,'2023-07-01 11:37:11','2023-07-01 11:37:11'),(74,'PUNGGASAN TIMUR',9,'2023-07-01 11:37:56','2023-07-01 11:37:56'),(75,'GANTING MUDIAK SELATAN SURANTIH',8,'2023-07-01 11:40:43','2023-07-01 11:40:43'),(76,'GANTING MUDIAK UTARA SURANTIH',8,'2023-07-01 11:40:56','2023-07-01 11:40:56'),(77,'KOTO NAN TIGO SELATAN SURANTIH',8,'2023-07-01 11:41:30','2023-07-01 11:41:30'),(78,'KOTO NAN TIGO UTARA SURANTIH',8,'2023-07-01 11:41:44','2023-07-01 11:41:44'),(79,'RAWANG GUNUNG MALELO SURANTIH',8,'2023-07-01 11:42:05','2023-07-01 12:06:02'),(80,'AUR DURI SURANTIH',8,'2023-07-01 11:42:16','2023-07-01 11:42:16'),(81,'LANSANO TARATAK',8,'2023-07-01 11:42:27','2023-07-01 11:42:27'),(82,'KOTO TARATAK',8,'2023-07-01 11:42:39','2023-07-01 11:42:39'),(83,'AMPING PARAK',8,'2023-07-01 11:43:04','2023-07-01 11:43:04'),(84,'AMPING PARAK TIMUR',8,'2023-07-01 11:43:23','2023-07-01 11:43:23'),(86,'SURANTIH',8,'2023-07-01 12:15:01','2023-07-01 12:15:01'),(87,'TARATAK',8,'2023-07-01 12:15:24','2023-07-01 12:15:24'),(88,'SETARA NANGGALO',7,'2023-07-01 12:16:15','2023-07-01 12:16:15'),(89,'BARUNG-BARUNG BALANTAI TENGAH',7,'2023-07-01 12:16:34','2023-07-01 12:16:34'),(90,'BARUNG-BARUNG BALANTAI TIMUR',7,'2023-07-01 12:16:45','2023-07-01 12:16:45'),(91,'BATU HAMPAR SELATAN',7,'2023-07-01 12:16:57','2023-07-01 12:16:57'),(92,'SUNGAI NYALO MUDIAK AIA',7,'2023-07-01 12:17:12','2023-07-01 12:17:12'),(93,'CEROCOK ANAU AMPANG PULAI',7,'2023-07-01 12:17:43','2023-07-01 12:17:43'),(94,'JINANG KAMPUNG PANSUR AMPANG PULAI',7,'2023-07-01 12:18:09','2023-07-01 12:18:09'),(95,'PULAU KARAM AMPANG PULAI',7,'2023-07-01 12:18:44','2023-07-01 12:18:44'),(96,'DUKU UTARA',7,'2023-07-01 12:19:03','2023-07-01 12:19:03'),(97,'KAMPUNG BARU KORONG NAN AMPEK',7,'2023-07-01 12:19:42','2023-07-01 12:19:42'),(98,'SIGUNTUR TUA',7,'2023-07-01 12:19:53','2023-07-01 12:19:53'),(99,'TARATAK SUNGAI LUNDANG',7,'2023-07-01 12:20:03','2023-07-01 12:20:03'),(100,'KAPUAH UTARA',7,'2023-07-01 12:20:15','2023-07-01 12:20:15'),(101,'MANDEH',7,'2023-07-01 12:20:24','2023-07-01 12:20:24'),(102,'BARUNG-BARUNG BALANTAI SELATAN',7,'2023-07-01 12:20:40','2023-07-01 12:20:40'),(103,'BARUNG-BARUNG BALANTAI',7,'2023-07-01 12:20:48','2023-07-01 12:20:48'),(104,'KAPUH',7,'2023-07-01 12:21:00','2023-07-01 12:21:00'),(105,'AMPANG PULAI',7,'2023-07-01 12:21:10','2023-07-01 12:21:10'),(106,'NANGGALO',7,'2023-07-01 12:21:55','2023-07-01 12:21:55'),(107,'BATU HAMPA',7,'2023-07-01 12:22:16','2023-07-01 12:22:16'),(108,'DUKU',7,'2023-07-01 12:22:42','2023-07-01 12:22:42'),(109,'SUNGAI PINANG',7,'2023-07-01 12:22:53','2023-07-01 12:22:53'),(110,'SIGUNTUR',7,'2023-07-01 12:23:01','2023-07-01 12:23:01'),(111,'GURUN PANJANG SELATAN',6,'2023-07-01 12:25:13','2023-07-01 12:25:13'),(112,'GURUN PANJANG BARAT',6,'2023-07-01 12:25:26','2023-07-01 12:25:26'),(113,'GURUN PANJANG UTARA',6,'2023-07-01 12:25:41','2023-07-01 12:25:41'),(114,'KAPUJAN KOTO BERAPAK',6,'2023-07-01 12:25:57','2023-07-01 12:25:57'),(115,'KUBANG KOTO BERAPAK',6,'2023-07-01 12:26:06','2023-07-01 12:26:06'),(116,'KOTO BARU KOTO BERAPAK',6,'2023-07-01 12:26:15','2023-07-01 12:26:15'),(117,'KAPELGAM KOTO BERAPAK',6,'2023-07-01 12:26:24','2023-07-01 12:26:24'),(118,'AUR BEGALUNG TALAOK',6,'2023-07-01 12:26:39','2023-07-01 12:26:39'),(119,'KAPEH PANJI JAYA TALAOK',6,'2023-07-01 12:26:56','2023-07-01 12:26:56'),(120,'SAWAH LAWEH PASAR BARU',6,'2023-07-01 12:27:07','2023-07-01 12:27:07'),(121,'ASAM KAMBA PASAR BARU',6,'2023-07-01 12:27:17','2023-07-01 12:27:17'),(122,'TANJUNG DURIAN PASAR BARU',6,'2023-07-01 12:27:28','2023-07-01 12:27:28'),(123,'API-API PASAR BARU',6,'2023-07-01 12:27:47','2023-07-01 12:27:47'),(124,'GURUN PANJANG',6,'2023-07-01 12:28:32','2023-07-01 12:28:32'),(125,'PASAR BARU',6,'2023-07-01 12:28:45','2023-07-01 12:28:45'),(126,'TALAOK',6,'2023-07-01 12:28:54','2023-07-01 12:28:54'),(127,'KOTO BERAPAK',6,'2023-07-01 12:29:17','2023-07-01 12:29:17'),(128,'PAINAN TIMUR PAINAN',5,'2023-07-01 12:32:13','2023-07-01 12:32:13'),(129,'PAINAN SELATAN PAINAN',5,'2023-07-01 12:32:31','2023-07-01 12:32:31'),(130,'GUNUNG BUNGKUAK LUMPO',5,'2023-07-01 12:32:48','2023-07-01 12:32:48'),(131,'BUKIK KACIAK LUMPO',5,'2023-07-01 12:32:58','2023-07-01 12:32:58'),(132,'SUNGAI SARIAK LUMPO',5,'2023-07-01 12:33:16','2023-07-01 12:33:16'),(133,'SUNGAI GAYO LUMPO',5,'2023-07-01 12:33:30','2023-07-01 12:33:30'),(134,'BALAI SINAYAN LUMPO',5,'2023-07-01 12:33:48','2023-07-01 12:33:48'),(135,'AMPANG TAREH LUMPO',5,'2023-07-01 12:34:05','2023-07-01 12:34:05'),(136,'AMPUAN LUMPO',5,'2023-07-01 12:34:19','2023-07-01 12:34:19'),(137,'TARATAK TANGAH LUMPO',5,'2023-07-01 12:34:47','2023-07-01 12:34:47'),(138,'BATU KUNIK LUMPO',5,'2023-07-01 12:35:04','2023-07-01 12:35:04'),(139,'LIMAU GADANG LUMPO',5,'2023-07-01 12:35:21','2023-07-01 12:35:21'),(140,'KOTO RAWANG',5,'2023-07-01 12:36:46','2023-07-01 12:36:46'),(141,'SALIDO SARI BULAN',5,'2023-07-01 12:37:05','2023-07-01 12:37:05'),(142,'SAGO SALIDO',5,'2023-07-01 12:37:23','2023-07-01 12:37:23'),(143,'BUNGA PASANG SALIDO',5,'2023-07-01 12:37:36','2023-07-01 12:37:36'),(144,'LUMPO',5,'2023-07-01 12:38:02','2023-07-01 12:38:02'),(145,'SAMBUNGO',15,'2023-07-01 13:13:30','2023-07-01 13:13:30'),(146,'AIR HITAM',15,'2023-07-01 13:13:43','2023-07-01 13:13:43'),(147,'LUBUK BUNTA',15,'2023-07-01 13:13:55','2023-07-01 13:13:55'),(148,'DURIAN SERIBU',15,'2023-07-01 13:14:07','2023-07-01 13:14:07'),(149,'TALANG BINJAI',15,'2023-07-01 13:14:20','2023-07-01 13:14:20'),(150,'PASIR BINJAI',15,'2023-07-01 13:14:33','2023-07-01 13:14:33'),(151,'SUNGAI PULAI',15,'2023-07-01 13:14:43','2023-07-01 13:14:43'),(152,'SUNGAI SARIK',15,'2023-07-01 13:14:51','2023-07-01 13:14:51'),(153,'SUNGAI SIRAH',15,'2023-07-01 13:15:03','2023-07-01 13:15:03'),(154,'SILAUT',15,'2023-07-01 13:15:15','2023-07-01 13:15:15'),(155,'SIMPANG GUNUNG TAPAN',14,'2023-07-01 13:16:06','2023-07-01 13:16:06'),(156,'KUBU TAPAN',14,'2023-07-01 13:16:23','2023-07-01 13:16:23'),(157,'KAMPUNG TENGAH TAPAN',14,'2023-07-01 13:16:38','2023-07-01 13:17:41'),(158,'TALANG KOTO PULAI TAPAN',14,'2023-07-01 13:16:51','2023-07-01 13:16:51'),(159,'SUNGAI PINANG TAPAN',14,'2023-07-01 13:18:15','2023-07-01 13:18:15'),(160,'BINJAI TAPAN',14,'2023-07-01 13:18:25','2023-07-01 13:18:25'),(161,'TEBING TINGGI TAPAN',14,'2023-07-01 13:18:38','2023-07-01 13:18:38'),(162,'TALANG BALARIK TAPAN',14,'2023-07-01 13:18:50','2023-07-01 13:18:50'),(163,'LIMAU PURUT TAPAN',14,'2023-07-01 13:19:00','2023-07-01 13:19:00'),(164,'SUNGAI GAMBIR SAKO TAPAN',14,'2023-07-01 13:19:13','2023-07-01 13:19:13'),(165,'PULAU RAJO INDERAPURA',13,'2023-07-01 13:20:39','2023-07-01 13:20:39'),(166,'INDERAPURA TIMUR',13,'2023-07-01 13:20:58','2023-07-01 13:20:58'),(167,'TANAH BAKALI INDERAPURA',13,'2023-07-01 13:21:15','2023-07-01 13:21:15'),(168,'TLUK KUALO INDERAPURA',13,'2023-07-01 13:21:34','2023-07-01 13:21:34'),(169,'LUBUK BETUNG INDERAPURA',13,'2023-07-01 13:21:56','2023-07-01 13:21:56'),(170,'PALOKAN INDERAPURA',13,'2023-07-01 13:22:08','2023-07-01 13:22:08'),(171,'LALANG PANJANG INDERAPURA',13,'2023-07-01 13:22:34','2023-07-01 13:22:34'),(172,'DAMAR LAPAN BATANG INDERAPURA',13,'2023-07-01 13:22:49','2023-07-01 13:22:49'),(173,'MUARA INDERAPURA',13,'2023-07-01 13:23:09','2023-07-01 13:23:09'),(174,'INDERAPURA UTARA',13,'2023-07-01 13:23:22','2023-07-01 13:23:22'),(175,'LIMAU GADANG PANCUNG TABA',12,'2023-07-01 13:25:02','2023-07-01 13:25:02'),(176,'PULUIK-PULUIK SELATAN',12,'2023-07-01 13:25:17','2023-07-01 13:25:17'),(177,'PANCUANG TABA',12,'2023-07-01 13:25:27','2023-07-01 13:25:27'),(178,'MUARO AIE',12,'2023-07-01 13:25:36','2023-07-01 13:25:36'),(179,'KOTO RANAH',12,'2023-07-01 13:25:47','2023-07-01 13:25:47'),(180,'PULUIK-PULUIK',12,'2023-07-01 13:26:06','2023-07-01 13:26:06'),(181,'DUSUN BARU TAPAN',11,'2023-07-01 13:27:51','2023-07-01 13:27:51'),(182,'KOTO ANAU TAPAN',11,'2023-07-01 13:28:04','2023-07-01 13:28:04'),(183,'RIAK DANAU TAPAN',11,'2023-07-01 13:29:07','2023-07-01 13:29:07'),(184,'BUKIT BUAI TAPAN',11,'2023-07-01 13:29:26','2023-07-01 13:29:26'),(185,'BATANG BETUNG TAPAN',11,'2023-07-01 13:29:47','2023-07-01 13:29:47');

/*Table structure for table `password_resets` */

DROP TABLE IF EXISTS `password_resets`;

CREATE TABLE `password_resets` (
  `email` varchar(255) COLLATE utf8mb4_unicode_ci NOT NULL,
  `token` varchar(255) COLLATE utf8mb4_unicode_ci NOT NULL,
  `created_at` timestamp NULL DEFAULT NULL,
  KEY `password_resets_email_index` (`email`)
) ENGINE=InnoDB DEFAULT CHARSET=utf8mb4 COLLATE=utf8mb4_unicode_ci;

/*Data for the table `password_resets` */

/*Table structure for table `pekerjaans` */

DROP TABLE IF EXISTS `pekerjaans`;

CREATE TABLE `pekerjaans` (
  `id` bigint(20) unsigned NOT NULL AUTO_INCREMENT,
  `nama` varchar(255) COLLATE utf8mb4_unicode_ci NOT NULL,
  `created_at` timestamp NULL DEFAULT NULL,
  `updated_at` timestamp NULL DEFAULT NULL,
  PRIMARY KEY (`id`)
) ENGINE=InnoDB AUTO_INCREMENT=10 DEFAULT CHARSET=utf8mb4 COLLATE=utf8mb4_unicode_ci;

/*Data for the table `pekerjaans` */

insert  into `pekerjaans`(`id`,`nama`,`created_at`,`updated_at`) values (1,'PNS','2023-03-04 14:08:39','2023-03-04 14:08:39'),(2,'Swastaa','2023-03-04 14:08:44','2023-03-04 14:08:44'),(3,'TNI/POLRI','2023-03-04 14:08:48','2023-03-04 14:08:48'),(4,'Wiraswasta','2023-03-04 14:08:53','2023-03-04 14:08:53'),(5,'Ibu Rumah Tangga','2023-03-04 14:08:59','2023-03-04 14:08:59'),(9,'Dokter','2023-06-21 13:31:52','2023-06-21 13:31:52');

/*Table structure for table `penghargaans` */

DROP TABLE IF EXISTS `penghargaans`;

CREATE TABLE `penghargaans` (
  `id` bigint(20) unsigned NOT NULL AUTO_INCREMENT,
  `siswa_id` int(11) NOT NULL,
  `nama_penghargaan` varchar(255) COLLATE utf8mb4_unicode_ci NOT NULL,
  `tahun` varchar(255) COLLATE utf8mb4_unicode_ci NOT NULL,
  `file` varchar(255) COLLATE utf8mb4_unicode_ci DEFAULT NULL,
  `created_at` timestamp NULL DEFAULT NULL,
  `updated_at` timestamp NULL DEFAULT NULL,
  PRIMARY KEY (`id`)
) ENGINE=InnoDB DEFAULT CHARSET=utf8mb4 COLLATE=utf8mb4_unicode_ci;

/*Data for the table `penghargaans` */

/*Table structure for table `penghasilans` */

DROP TABLE IF EXISTS `penghasilans`;

CREATE TABLE `penghasilans` (
  `id` bigint(20) unsigned NOT NULL AUTO_INCREMENT,
  `nama` varchar(255) COLLATE utf8mb4_unicode_ci NOT NULL,
  `created_at` timestamp NULL DEFAULT NULL,
  `updated_at` timestamp NULL DEFAULT NULL,
  PRIMARY KEY (`id`)
) ENGINE=InnoDB AUTO_INCREMENT=18 DEFAULT CHARSET=utf8mb4 COLLATE=utf8mb4_unicode_ci;

/*Data for the table `penghasilans` */

insert  into `penghasilans`(`id`,`nama`,`created_at`,`updated_at`) values (1,'Rp.100,000 s/d Rp.500,000','2023-03-04 14:07:42','2023-05-14 10:22:56'),(2,'Rp.500,000 s/d Rp.1.000,000','2023-03-04 14:07:46','2023-03-04 14:07:46'),(3,'Rp.1.000,000 s/d Rp.1.500,000','2023-03-04 14:07:54','2023-03-04 14:07:54'),(4,'Rp.1.500,000 s/d Rp.2.000,000','2023-03-04 14:07:58','2023-03-04 14:07:58'),(5,'Rp.2.000,000 s/d Rp.2.500,000','2023-03-04 14:08:03','2023-03-04 14:08:03'),(6,'Rp.2.500,000 s/d Rp.3.000,000','2023-03-04 14:08:08','2023-03-04 14:08:08'),(7,'Rp.3.500,000 s/d Rp.4.000,000','2023-03-04 14:08:14','2023-03-04 14:08:14'),(11,'Rp.4.000,000 s/d Rp.5.000,000','2023-05-14 10:26:47','2023-05-14 10:27:10'),(12,'Rp. >5.000,000','2023-05-14 10:27:50','2023-05-14 10:27:50');

/*Table structure for table `personal_access_tokens` */

DROP TABLE IF EXISTS `personal_access_tokens`;

CREATE TABLE `personal_access_tokens` (
  `id` bigint(20) unsigned NOT NULL AUTO_INCREMENT,
  `tokenable_type` varchar(255) COLLATE utf8mb4_unicode_ci NOT NULL,
  `tokenable_id` bigint(20) unsigned NOT NULL,
  `name` varchar(255) COLLATE utf8mb4_unicode_ci NOT NULL,
  `token` varchar(64) COLLATE utf8mb4_unicode_ci NOT NULL,
  `abilities` text COLLATE utf8mb4_unicode_ci DEFAULT NULL,
  `last_used_at` timestamp NULL DEFAULT NULL,
  `expires_at` timestamp NULL DEFAULT NULL,
  `created_at` timestamp NULL DEFAULT NULL,
  `updated_at` timestamp NULL DEFAULT NULL,
  PRIMARY KEY (`id`),
  UNIQUE KEY `personal_access_tokens_token_unique` (`token`),
  KEY `personal_access_tokens_tokenable_type_tokenable_id_index` (`tokenable_type`,`tokenable_id`)
) ENGINE=InnoDB DEFAULT CHARSET=utf8mb4 COLLATE=utf8mb4_unicode_ci;

/*Data for the table `personal_access_tokens` */

/*Table structure for table `pindah_tugas` */

DROP TABLE IF EXISTS `pindah_tugas`;

CREATE TABLE `pindah_tugas` (
  `id` bigint(20) unsigned NOT NULL AUTO_INCREMENT,
  `siswa_id` bigint(20) unsigned NOT NULL,
  `sekolah_id` bigint(20) unsigned NOT NULL,
  `file` varchar(255) COLLATE utf8mb4_unicode_ci NOT NULL,
  `status` int(11) DEFAULT NULL,
  `created_at` timestamp NULL DEFAULT NULL,
  `updated_at` timestamp NULL DEFAULT NULL,
  PRIMARY KEY (`id`)
) ENGINE=InnoDB DEFAULT CHARSET=utf8mb4 COLLATE=utf8mb4_unicode_ci;

/*Data for the table `pindah_tugas` */

/*Table structure for table `prestasis` */

DROP TABLE IF EXISTS `prestasis`;

CREATE TABLE `prestasis` (
  `id` bigint(20) unsigned NOT NULL AUTO_INCREMENT,
  `sekolah_id` bigint(20) unsigned NOT NULL,
  `siswa_id` bigint(20) unsigned NOT NULL,
  `k6sm1` int(11) NOT NULL,
  `k6sm2` int(11) NOT NULL,
  `k5sm1` int(11) NOT NULL,
  `k5sm2` int(11) NOT NULL,
  `k4sm2` int(11) NOT NULL,
  `jumlah` int(11) DEFAULT NULL,
  `bukti_nilai_rapor` varchar(255) COLLATE utf8mb4_unicode_ci DEFAULT NULL,
  `status` int(11) DEFAULT NULL,
  `created_at` timestamp NULL DEFAULT NULL,
  `updated_at` timestamp NULL DEFAULT NULL,
  PRIMARY KEY (`id`),
  KEY `prestasis_sekolah_id_index` (`sekolah_id`),
  KEY `prestasis_siswa_id_index` (`siswa_id`)
) ENGINE=InnoDB DEFAULT CHARSET=utf8mb4 COLLATE=utf8mb4_unicode_ci;

/*Data for the table `prestasis` */

/*Table structure for table `sekolahs` */

DROP TABLE IF EXISTS `sekolahs`;

CREATE TABLE `sekolahs` (
  `id` bigint(20) unsigned NOT NULL AUTO_INCREMENT,
  `sekolah_id` int(11) DEFAULT NULL,
  `npsn` varchar(15) COLLATE utf8mb4_unicode_ci NOT NULL,
  `nama` varchar(100) COLLATE utf8mb4_unicode_ci NOT NULL,
  `alamat` text COLLATE utf8mb4_unicode_ci DEFAULT NULL,
  `akreditasi` varchar(4) COLLATE utf8mb4_unicode_ci NOT NULL,
  `kecamatan` varchar(100) COLLATE utf8mb4_unicode_ci DEFAULT NULL,
  `notelp` varchar(15) COLLATE utf8mb4_unicode_ci DEFAULT NULL,
  `user_id` bigint(20) unsigned NOT NULL,
  `created_at` timestamp NULL DEFAULT NULL,
  `updated_at` timestamp NULL DEFAULT NULL,
  PRIMARY KEY (`id`),
  UNIQUE KEY `sekolahs_npsn_unique` (`npsn`),
  KEY `sekolahs_sekolah_id_index` (`sekolah_id`)
) ENGINE=InnoDB AUTO_INCREMENT=8 DEFAULT CHARSET=utf8mb4 COLLATE=utf8mb4_unicode_ci;

/*Data for the table `sekolahs` */

insert  into `sekolahs`(`id`,`sekolah_id`,`npsn`,`nama`,`alamat`,`akreditasi`,`kecamatan`,`notelp`,`user_id`,`created_at`,`updated_at`) values (1,2,'10301932','SMP NEGERI 1 PAINAN','<p>Jl. Sutan Syahrir, Painan, Kec. Iv Jurai, Kabupaten Pesisir Selatan, Sumatera Barat 25651</p>','A','Kec. IV Jurai','081374268190',1,'2023-06-18 20:55:12','2023-06-18 20:56:15'),(2,5,'10301970','SMP NEGERI 1 AIRPURA','<p>Transad Inderapuraa</p>','A','Kec. Air Pura','082288729101',1,'2023-07-01 09:56:59','2023-07-01 10:16:06'),(7,6,'10301969','SMP NEGERI 2 PAINAN','<p>Kampung Luar Salido</p>','A','Kec. IV Jurai','75621248',1,'2023-07-01 10:18:08','2023-07-01 10:18:08');

/*Table structure for table `settings` */

DROP TABLE IF EXISTS `settings`;

CREATE TABLE `settings` (
  `id` int(10) unsigned NOT NULL AUTO_INCREMENT,
  `name` varchar(255) COLLATE utf8mb4_unicode_ci NOT NULL,
  `val` text COLLATE utf8mb4_unicode_ci DEFAULT NULL,
  `group` varchar(255) COLLATE utf8mb4_unicode_ci NOT NULL DEFAULT 'default',
  `created_at` timestamp NULL DEFAULT NULL,
  `updated_at` timestamp NULL DEFAULT NULL,
  PRIMARY KEY (`id`)
) ENGINE=InnoDB AUTO_INCREMENT=12 DEFAULT CHARSET=utf8mb4 COLLATE=utf8mb4_unicode_ci;

/*Data for the table `settings` */

insert  into `settings`(`id`,`name`,`val`,`group`,`created_at`,`updated_at`) values (1,'app_name','DINAS PENDIDIKAN DAN KEBUDAYAAN PESISIR SELATAN','default','2023-05-02 02:51:33','2023-05-02 02:51:33'),(2,'app_email','diknaspessel@gmail.com','default','2023-05-02 02:51:33','2023-05-02 02:51:33'),(3,'app_phone','(0756) 21602','default','2023-05-02 02:51:33','2023-05-02 02:51:33'),(4,'app_address','<p>Jl. H. Agus Salim, Painan, IV Jurai, Painan, Iv Jurai, Kabupaten Pesisir Selatan, Sumatera Barat 25651, Indonesia</p>','default','2023-05-02 02:51:33','2023-05-18 11:33:47'),(5,'pj_nama','SALIM MUHAIMIN,S.Pd,M.Si','default','2023-05-02 02:51:33','2023-05-18 11:27:10'),(6,'pj_jabatan','Kepala Dinas Pendidikan','default','2023-05-02 02:51:33','2023-05-18 11:27:41'),(7,'app_logo','public/rLHZl4NjFPXzcFSXNfLw60o5kQQggIzPrwlL5zUO.png','default','2023-05-02 02:51:33','2023-05-18 11:51:42'),(8,'pj_ttd','public/EyxS2Jj71XrCk2TA4NGMb4f2xRX9kVCGTJZUokbN.png','default','2023-05-02 02:51:33','2023-05-18 11:39:47'),(9,'awal_pendaftaran','2023-05-02','default','2023-05-02 03:44:46','2023-05-02 03:53:43'),(10,'akhir_pendaftaran','2023-08-01','default','2023-05-02 03:44:47','2023-06-03 10:44:23'),(11,'jadwa_kelulusan','2023-08-17','default','2023-05-02 03:54:41','2023-06-21 12:26:35');

/*Table structure for table `siswas` */

DROP TABLE IF EXISTS `siswas`;

CREATE TABLE `siswas` (
  `id` bigint(20) unsigned NOT NULL AUTO_INCREMENT,
  `no_pendaftaran` varchar(255) COLLATE utf8mb4_unicode_ci DEFAULT NULL,
  `nama_lengkap` varchar(255) COLLATE utf8mb4_unicode_ci NOT NULL,
  `nisn` varchar(255) COLLATE utf8mb4_unicode_ci NOT NULL,
  `tempat_lahir` varchar(255) COLLATE utf8mb4_unicode_ci NOT NULL,
  `tanggal_lahir` date NOT NULL,
  `jenis_kelamin` varchar(255) COLLATE utf8mb4_unicode_ci NOT NULL,
  `agama` varchar(255) COLLATE utf8mb4_unicode_ci NOT NULL,
  `sekolah_asal` varchar(255) COLLATE utf8mb4_unicode_ci NOT NULL,
  `no_kk` varchar(255) COLLATE utf8mb4_unicode_ci NOT NULL,
  `no_nik` varchar(255) COLLATE utf8mb4_unicode_ci NOT NULL,
  `alamat` varchar(255) COLLATE utf8mb4_unicode_ci NOT NULL,
  `foto` varchar(255) COLLATE utf8mb4_unicode_ci NOT NULL,
  `nama_ayah` varchar(255) COLLATE utf8mb4_unicode_ci NOT NULL,
  `pekerjaan_ayah` varchar(255) COLLATE utf8mb4_unicode_ci NOT NULL,
  `penghasilan_ayah` varchar(255) COLLATE utf8mb4_unicode_ci NOT NULL,
  `nama_ibu` varchar(255) COLLATE utf8mb4_unicode_ci NOT NULL,
  `pekerjaan_ibu` varchar(255) COLLATE utf8mb4_unicode_ci NOT NULL,
  `penghasilan_ibu` varchar(255) COLLATE utf8mb4_unicode_ci NOT NULL,
  `user_id` bigint(20) unsigned NOT NULL,
  `kecamatan_id` int(11) DEFAULT NULL,
  `nagari_id` int(11) DEFAULT NULL,
  `kampung_id` int(11) DEFAULT NULL,
  `created_at` timestamp NULL DEFAULT NULL,
  `updated_at` timestamp NULL DEFAULT NULL,
  PRIMARY KEY (`id`),
  UNIQUE KEY `siswas_nisn_unique` (`nisn`)
) ENGINE=InnoDB AUTO_INCREMENT=2 DEFAULT CHARSET=utf8mb4 COLLATE=utf8mb4_unicode_ci;

/*Data for the table `siswas` */

insert  into `siswas`(`id`,`no_pendaftaran`,`nama_lengkap`,`nisn`,`tempat_lahir`,`tanggal_lahir`,`jenis_kelamin`,`agama`,`sekolah_asal`,`no_kk`,`no_nik`,`alamat`,`foto`,`nama_ayah`,`pekerjaan_ayah`,`penghasilan_ayah`,`nama_ibu`,`pekerjaan_ibu`,`penghasilan_ibu`,`user_id`,`kecamatan_id`,`nagari_id`,`kampung_id`,`created_at`,`updated_at`) values (1,'20231806001','Fazeel Muhammad Zuhdi','1424722424','Padang','2023-06-18','L','Islam','SD NEGERI 1 PAINAN','2523523141242152','1312423523525252','<p>Jl. Permata Harbaindo H 13 No 12</p>','public/file/fotosiswa/NHeYcoKPWnygz4lO1907XXOGia7jbr4Ic3RK6A7G.png','Ipul','Swastaa','Rp. >5.000,000','Decul','Ibu Rumah Tangga','Rp.100,000 s/d Rp.500,000',3,NULL,NULL,NULL,'2023-06-18 21:32:02','2023-06-18 21:50:09');

/*Table structure for table `users` */

DROP TABLE IF EXISTS `users`;

CREATE TABLE `users` (
  `id` bigint(20) unsigned NOT NULL AUTO_INCREMENT,
  `name` varchar(255) COLLATE utf8mb4_unicode_ci NOT NULL,
  `email` varchar(255) COLLATE utf8mb4_unicode_ci NOT NULL,
  `akses` enum('Admin Dinas','Admin Sekolah','Siswa','Kepala Dinas') COLLATE utf8mb4_unicode_ci NOT NULL DEFAULT 'Siswa',
  `nohp` varchar(20) COLLATE utf8mb4_unicode_ci DEFAULT NULL,
  `email_verified_at` timestamp NULL DEFAULT NULL,
  `password` varchar(255) COLLATE utf8mb4_unicode_ci NOT NULL,
  `remember_token` varchar(100) COLLATE utf8mb4_unicode_ci DEFAULT NULL,
  `created_at` timestamp NULL DEFAULT NULL,
  `updated_at` timestamp NULL DEFAULT NULL,
  PRIMARY KEY (`id`),
  UNIQUE KEY `users_email_unique` (`email`)
) ENGINE=InnoDB AUTO_INCREMENT=7 DEFAULT CHARSET=utf8mb4 COLLATE=utf8mb4_unicode_ci;

/*Data for the table `users` */

insert  into `users`(`id`,`name`,`email`,`akses`,`nohp`,`email_verified_at`,`password`,`remember_token`,`created_at`,`updated_at`) values (1,'admin','admin@contoh.com','Admin Dinas','08236426425',NULL,'$2y$10$TUWnsaBe.yH1EOW5jaSRFu083zEqUOS89VTG4RM19bNqhKRLVgtoS',NULL,'2023-06-18 20:23:18','2023-07-01 09:33:26'),(2,'Linda','smpn1painan@gmail.com','Admin Sekolah','081266251435',NULL,'$2y$10$0BYy4xRsFZ72IMxg18J2pe4.gBVLjWa.pfWqUe9cibQ1J4FWl7MFq',NULL,'2023-06-18 20:31:51','2023-06-18 20:31:51'),(3,'FAZEEL MUHAMMAD ZUHDI','fazeel@gmail.com','Siswa',NULL,NULL,'$2y$10$a7Sv5wRRLtSvglAfKbEQ7uLPZSsu9qcrSoTO263Cz68DkBTKQkWg.',NULL,'2023-06-18 20:42:54','2023-06-18 20:42:54'),(4,'boyke','boy','Siswa',NULL,NULL,'$2y$10$zu5LpMA4FCTU/cKQ/UhysOL.tznhJUrqdghB/FPD4SPAxT0x17t62',NULL,'2023-06-21 12:06:43','2023-06-21 12:06:43'),(5,'Hidayat','dayat','Admin Sekolah','08127411241',NULL,'$2y$10$7ARZuNEUn8y.NMH3Rn4kZuq9Y82iOyPv0yqhXLJI58IdFzftapAZ6',NULL,'2023-07-01 09:48:30','2023-07-01 09:59:32'),(6,'Rahmat','rahmat','Admin Sekolah','0823742523',NULL,'$2y$10$deuOVLetJr81/aVZTD/tfeQB//WqCGTfcAGxLQeVrRUEWBefYZwgC',NULL,'2023-07-01 10:07:45','2023-07-01 10:07:45');

/*Table structure for table `zonasi_sekolahs` */

DROP TABLE IF EXISTS `zonasi_sekolahs`;

CREATE TABLE `zonasi_sekolahs` (
  `id` bigint(20) unsigned NOT NULL AUTO_INCREMENT,
  `nagari_id` bigint(20) unsigned NOT NULL,
  `kampung_id` bigint(20) unsigned NOT NULL,
  `kecamatan_id` bigint(20) unsigned NOT NULL,
  `sekolah_id` bigint(20) unsigned DEFAULT NULL,
  `no_urut` varchar(255) COLLATE utf8mb4_unicode_ci DEFAULT NULL,
  `nilai` varchar(255) COLLATE utf8mb4_unicode_ci DEFAULT NULL,
  `created_at` timestamp NULL DEFAULT NULL,
  `updated_at` timestamp NULL DEFAULT NULL,
  PRIMARY KEY (`id`)
) ENGINE=InnoDB DEFAULT CHARSET=utf8mb4 COLLATE=utf8mb4_unicode_ci;

/*Data for the table `zonasi_sekolahs` */

/*Table structure for table `zonasis` */

DROP TABLE IF EXISTS `zonasis`;

CREATE TABLE `zonasis` (
  `id` bigint(20) unsigned NOT NULL AUTO_INCREMENT,
  `sekolah_id` bigint(20) unsigned NOT NULL,
  `siswa_id` bigint(20) unsigned NOT NULL,
  `created_at` timestamp NULL DEFAULT NULL,
  `updated_at` timestamp NULL DEFAULT NULL,
  `status` varchar(255) COLLATE utf8mb4_unicode_ci NOT NULL DEFAULT '1',
  PRIMARY KEY (`id`)
) ENGINE=InnoDB DEFAULT CHARSET=utf8mb4 COLLATE=utf8mb4_unicode_ci;

/*Data for the table `zonasis` */

/*!40101 SET SQL_MODE=@OLD_SQL_MODE */;
/*!40014 SET FOREIGN_KEY_CHECKS=@OLD_FOREIGN_KEY_CHECKS */;
/*!40014 SET UNIQUE_CHECKS=@OLD_UNIQUE_CHECKS */;
/*!40111 SET SQL_NOTES=@OLD_SQL_NOTES */;
